rnum,appointno,businessnm,appointyn,licenseno,company,sido,sgg,businesstype,businessitem,ccp,year
1,2022-2-0220,식품,Y,20220882004,고성군농업기술센터(농산물가공지원센터),경상남도,고성군,식품제조가공업,과채음료,"가열공정,금속검출공정",2026
2,2026-2-0037,식품,Y,20220882004,고성군농업기술센터(농산물가공지원센터),경상남도,고성군,식품제조가공업,과채주스,"가열공정,금속검출공정",2026
3,2022-2-0219,식품,Y,20220882004,고성군농업기술센터(농산물가공지원센터),경상남도,고성군,식품제조가공업,침출차,"가열공정,금속검출공정",2026
4,2022-2-0221,식품,Y,20220882004,고성군농업기술센터(농산물가공지원센터),경상남도,고성군,식품제조가공업,곡류가공품,"가열공정,금속검출공정",2026
5,2022-2-0218,식품,Y,20220882004,고성군농업기술센터(농산물가공지원센터),경상남도,고성군,식품제조가공업,잼,"가열공정,금속검출공정",2026
6,2023-2-0321,식품,Y,20220882004,고성군농업기술센터(농산물가공지원센터),경상남도,고성군,식품제조가공업,캔디류,"가열공정,금속검출공정",2026
7,2022-2-0217,식품,Y,20220882004,고성군농업기술센터(농산물가공지원센터),경상남도,고성군,식품제조가공업,과자,"가열공정,금속검출공정",2026
8,2021-6-1058,식품,Y,20170443338,㈜이에스그린푸드,충청북도,진천군,식품제조가공업,당뇨환자용 식단형 식품,X-ray검출,2026
9,2019-6-9354,식품,Y,20170443338,㈜이에스그린푸드,충청북도,진천군,식품제조가공업,체중조절용 조제식품,X-ray검출공정,2026
10,2025-6-0445,식품,Y,20170443338,㈜이에스그린푸드,충청북도,진천군,식품제조가공업,식육함유가공품,금속검출공정(x-ray),2026
11,2019-6-9273,식품,Y,20170443338,㈜이에스그린푸드,충청북도,진천군,식품제조가공업,즉석조리식품,X-ray검출공정,2026
12,2021-3-1007,식품,Y,20120360389,고삼농협 안성마춤 푸드센터,경기도,안성시,식품제조가공업,즉석조리식품,금속검출공정,2026
13,2012-3-8359,식품,Y,20120360389,고삼농협 안성마춤 푸드센터,경기도,안성시,식품제조가공업,식육함유가공품,금속검출공정,2026
14,2017-3-9347,식품,Y,20120360389,고삼농협 안성마춤 푸드센터,경기도,안성시,식품제조가공업,소스,금속검출공정,2026
15,2025-3-0878,식품,Y,20110311336,씨제이제일제당(주),경기도,안산시,식품제조가공업,포도당,"라인필터,연속농축",2025
16,2019-5-9165,식품,Y,20080520066,농업회사법인주식회사사평기정떡,전라남도,화순군,식품제조가공업,떡류,금속검출공정,2025
17,2016-6-8391,식품,Y,19880445009,(주)피피이씨음성생면,충청북도,음성군,식품제조가공업,복합조미식품,"가열압출공정,건조공정,수분활성도측정공정,수분활성도측정공정",2025
18,2002-5-8006,식품,Y,19850499011,대상(주),전북특별자치도,순창군,식품제조가공업,혼합장,"금속검출공정,살균공정,여과공정",2025
19,2020-5-0910,식품,Y,19850499011,대상(주),전북특별자치도,순창군,식품제조가공업,소스,"금속검출공정,살균공정,여과공정",2025
20,2002-5-8003,식품,Y,19850499011,대상(주),전북특별자치도,순창군,식품제조가공업,고추장,"금속검출공정,분쇄공정(금속제거),살균공정,여과공정",2025
21,2002-5-8004,식품,Y,19850499011,대상(주),전북특별자치도,순창군,식품제조가공업,된장,"금속검출공정,보존처리공정(주정투입, 소브산 투입)",2025
22,2023-2-0515,식품,Y,20050607002,(주)삼영데리카후레쉬,경상남도,김해시,식품제조가공업,빵류,금속검출공정,2025
23,2012-2-8019,식품,Y,20050607002,(주)삼영데리카후레쉬,경상남도,김해시,식품제조가공업,즉석섭취식품,금속검출공정,2025
24,2019-2-9027,식품,Y,20050607002,(주)삼영데리카후레쉬,경상남도,김해시,식품제조가공업,즉석조리식품,금속검출공정,2025
25,2024-4-0436,식품,Y,20190547556,하이드로오아시스 제1공장,경상북도,안동시,식품제조가공업,탄산음료,살균공정,2025
26,2024-4-0437,식품,Y,20190547556,하이드로오아시스 제1공장,경상북도,안동시,식품제조가공업,혼합음료,살균공정,2025
27,2019-2-9064,식품,Y,20030141260,한빛식품,경상남도,김해시,식품제조가공업,기타가공품,,2025
28,2020-2-9002,식품,Y,20030141260,한빛식품,경상남도,김해시,식품제조가공업,즉석조리식품,"금속검출공정,증숙공정",2025
29,2018-6-9111,식품,Y,20080443097,씨제이제일제당(주),충청북도,진천군,식품제조가공업,식육함유가공품,X-ray검출공정,2025
30,2025-3-0955,식품,Y,20160347193,주식회사 송연에스와이,경기도,평택시,식품제조가공업,복합조미식품,X-ray검출,2025
31,2019-1-9345,식품,Y,19960386603,경동한과,강원도,강릉시,식품제조가공업,과자,,2025
32,2018-3-9088,식품,Y,19780190012,대한제당㈜,인천광역시,중구,식품제조가공업,설탕,3차여과공정,2025
33,2018-3-9090,식품,Y,19780190012,대한제당㈜,인천광역시,중구,식품제조가공업,당시럽류,3차여과공정,2025
34,2018-3-9089,식품,Y,19780190012,대한제당㈜,인천광역시,중구,식품제조가공업,기타설탕,3차여과공정,2025
35,2024-5-0444,식품,Y,20240742399,주식회사 오너브,전북특별자치도,익산시,식품제조가공업,액상차,여과공정,2025
36,2022-4-0140,식품,Y,20220797018,상주는자연 영농조합법인,경상북도,상주시,식품제조가공업,잼,"금속검출공정,세병공정,후살균공정",2025
37,2022-4-0141,식품,Y,20220797018,상주는자연 영농조합법인,경상북도,상주시,식품제조가공업,과채주스,"여과공정,후살균공정",2025
38,2020-5-0609,식품,Y,20200620210,(주)제이비프레시,제주특별자치도,제주시,식품제조가공업,즉석섭취식품,취반공정,2025
39,2022-3-0556,식품,Y,20210389476,(주)지니푸드시스템	,인천광역시,서구,식품제조가공업,과자,금속검출공정,2025
40,2022-3-0484,식품,Y,20210389476,(주)지니푸드시스템	,인천광역시,서구,식품제조가공업,빵류,금속검출공정,2025
41,2020-3-0871,식품,Y,20180212258,(주)후레쉬퍼스트,인천광역시,서구,식품제조가공업,즉석조리식품,"굽기공정,금속검출공정,데침·삶기공정,볶음공정,소독헹굼공정,취반공정",2025
42,2019-3-9266,식품,Y,20180212258,(주)후레쉬퍼스트,인천광역시,서구,식품제조가공업,즉석섭취식품,"굽기공정,금속검출공정,데침·삶기공정,볶음공정,소독헹굼공정,유탕공정,취반공정",2025
43,2014-6-8022,식품,Y,20130020164,서울장수주식회사,충청북도,진천군,식품제조가공업(주류제조),탁주,이물제거공정,2025
44,2018-6-9386,식품,Y,20130020164,서울장수주식회사,충청북도,진천군,식품제조가공업(주류제조),기타주류,이물제거공정,2025
45,2025-3-0070,식품,Y,20240390209,주식회사 다이아몬드새우,경기도,성남시,식품제조가공업,조미김,"2차 구이공정,구이공정",2025
46,2023-4-0190,식품,Y,20160563074,발그레,경상북도,의성군,식품제조가공업,과채가공품,살균,2025
47,2019-4-9218,식품,Y,20090558165,푸른산참농원,경상북도,문경시,식품제조가공업,액상차,,2025
48,2011-6-8111,식품,Y,20040257193,YJFOOD,세종특별자치시,금남면,식품제조가공업,빵류,굽기(와플)공정,2025
49,2021-4-0371,식품,Y,20160543095,월영교달빵 주식회사 농업회사법인,경상북도,안동시,식품제조가공업,빵류,가열(굽기)공정,2025
50,2024-2-0406,식품,Y,19950616006,주식회사 피피이씨의령,경상남도,의령군,식품제조가공업,가공두부,,2025
51,2024-4-0403,식품,Y,20170538583,서가,경상북도,경주시,식품제조가공업,당절임,가열(당침)공정,2025
52,2017-5-9278,식품,Y,20110528067,㈜가온에프에스,전라남도,장성군,식품제조가공업,즉석조리식품,"데침공정,볶음공정",2025
53,2012-5-8041,식품,Y,20110528067,㈜가온에프에스,전라남도,장성군,식품제조가공업,즉석섭취식품,"데침공정,볶음공정,세척공정",2025
54,2020-5-0609,식품,Y,20200620210,(주)제이비프레시,제주특별자치도,제주시,식품제조가공업,즉석섭취식품,금속검출,2025
55,2020-5-0610,식품,Y,20200620210,(주)제이비프레시,제주특별자치도,제주시,식품제조가공업,신선편의식품,금속검출,2025
56,2020-3-0361,식품,Y,20020360275,농업회사법인 손맛 주식회사,경기도,안성시,식품제조가공업,국수,"X-ray검출공정,금속검출공정",2025
57,2011-3-8033,식품,Y,20020360275,농업회사법인 손맛 주식회사,경기도,안성시,식품제조가공업,냉동식품 중 면류,"X-ray검출공정,금속검출공정",2025
58,2022-4-0351,식품,Y,20180552664,주식회사낭만연구소,경상북도,구미시,식품제조가공업,기타수산물가공품 중 냉동조미가공품,세척공정,2025
59,2019-4-9185,식품,Y,20180552664,주식회사낭만연구소,경상북도,구미시,식품제조가공업,즉석조리식품,세척공정,2025
60,2023-3-0936,식품,Y,20220396721,주식회사 푸른공식,경기도,부천시,식품제조가공업,빵류,"금속검출공정,냉동보관공정,크림제조공정",2025
61,2023-3-0935,식품,Y,20220396721,주식회사 푸른공식,경기도,부천시,식품제조가공업,과자,금속검출공정,2025
62,2022-5-0286,식품,Y,20220690033,흥부골,전북특별자치도,남원시,식품제조가공업,레토르트식품,금속검출공정,2025
63,2024-4-0162,식품,Y,20110568038,주식회사 오그래 농업회사법인,경상북도,성주군,식품제조가공업,과자,금속검출공정,2025
64,2014-4-8008,식품,Y,20110568038,주식회사 오그래 농업회사법인,경상북도,성주군,식품제조가공업,곡류가공품,금속검출공정,2025
65,2011-6-8063,식품,Y,20000442032,천두식품㈜,충청북도,증평군,식품제조가공업,냉동식품 중 만두,"금속검출공정,증숙공정",2025
66,2024-1-0221,식품,Y,20200336740,(주)밀라노푸드시스템,경기도,고양시,식품제조가공업,기타수산물가공품 중 냉동연체류,금속검출공정,2025
67,2024-1-0220,식품,Y,20200336740,(주)밀라노푸드시스템,경기도,고양시,식품제조가공업,기타수산물가공품,금속검출공정,2025
68,2025-1-0636,식품,Y,20200336740,(주)밀라노푸드시스템,경기도,고양시,식품제조가공업,젓갈,금속검출공정,2025
69,2022-1-0770,식품,Y,20200336740,(주)밀라노푸드시스템,경기도,고양시,식품제조가공업,소스,금속검출공정,2025
70,2017-4-9001,식품,Y,20110555096,경북햇살농원 영농조합법인,경상북도,영천시,식품제조가공업,과채주스,살균공정,2025
71,2019-4-9090,식품,Y,20170571059,시골이야기푸드,경상북도,예천군,식품제조가공업,과채주스,"살균공정,여과공정",2025
72,2021-4-0137,식품,Y,20200560259,농업회사법인 유한회사 윤성,경상북도,상주시,식품제조가공업,고춧가루,금속검출공정,2025
73,2014-6-8022,식품,Y,20130020164,서울장수주식회사,충청북도,진천군,식품제조가공업(주류제조),탁주,발효공정,2025
74,2021-6-0548,식품,Y,20190447031,(주)교동식품 제4공장,충청북도,옥천군,식품제조가공업,식육함유가공품,"X-RAY검출공정,멸균공정,살균공정",2025
75,2022-6-0163,식품,Y,20190447031,(주)교동식품 제4공장,충청북도,옥천군,식품제조가공업,즉석조리식품,"X-RAY검출공정,멸균공정,살균공정",2025
76,2024-4-0345,식품,Y,20180552664,주식회사낭만연구소,경상북도,구미시,식품제조가공업,소스,금속검출공정,2025
77,2019-1-9017,식품,Y,20180348070,㈜델리캡,경기도,남양주시,식품제조가공업,즉석조리식품,금속검출공정,2025
78,2018-1-9117,식품,Y,20180348070,㈜델리캡,경기도,남양주시,식품제조가공업,즉석섭취식품,금속검출공정,2025
79,2025-1-0278,식품,Y,20170395080,농업회사법인 주식회사 웰빙가든,강원도,횡성군,식품제조가공업,냉동식품 중 면류,"가열(압출)공정,금속검출공정",2025
80,2020-6-0361,식품,Y,20160458115,주식회사만풍농업회사법인,대전광역시,동구,식품제조가공업,곡류가공품,금속검출공정,2025
81,2020-6-0362,식품,Y,20160458115,주식회사만풍농업회사법인,대전광역시,동구,식품제조가공업,두류가공품,"가열(증숙)공정,금속검출공정",2025
82,2017-6-9280,식품,Y,20160458115,주식회사만풍농업회사법인,대전광역시,동구,식품제조가공업,떡류,"가열(증숙)공정,가열(펀칭)공정,금속검출공정",2025
83,2025-6-0203,식품,Y,20160458115,주식회사만풍농업회사법인,대전광역시,동구,식품제조가공업,당뇨환자용 식단형 식품,"가열(펀칭)공정,금속검출공정",2025
84,2017-4-9156,식품,Y,20000601452,농업회사 법인 주식회사 상복명과원,경상북도,경주시,식품제조가공업,빵류,금속검출공정,2025
85,2018-6-9580,식품,Y,20180478156,예산군농업기술센터,충청남도,예산군,식품제조가공업,과채주스,살균공정,2025
86,2020-3-1072,식품,Y,20130275158,핫브레드(Hot Bread),경기도,용인시,식품제조가공업,빵류,금속검출공정,2025
87,2012-6-8173,식품,Y,20110445292,(주)흥국에프엔비,충청북도,음성군,식품제조가공업,과채주스,가열살균공정,2025
88,2016-6-8360,식품,Y,20110445292,(주)흥국에프엔비,충청북도,음성군,식품제조가공업,당류가공품,가열살균공정,2025
89,2019-6-9170,식품,Y,20110445292,(주)흥국에프엔비,충청북도,음성군,식품제조가공업,기타농산가공품,가열살균공정,2025
90,2024-6-0604,식품,Y,20110445292,(주)흥국에프엔비,충청북도,음성군,식품제조가공업,발효식초,가열살균공정,2025
91,2018-6-9219,식품,Y,20110445292,(주)흥국에프엔비,충청북도,음성군,식품제조가공업,레토르트식품,멸균공정,2025
92,2012-6-8172,식품,Y,20110445292,(주)흥국에프엔비,충청북도,음성군,식품제조가공업,과채음료,가열살균공정,2025
93,2023-3-0014,식품,Y,20220481194,(주)바로군 2공장,경기도,용인시,식품제조가공업,빵류,금속검출공정,2025
94,2023-3-0013,식품,Y,20220481194,(주)바로군 2공장,경기도,용인시,식품제조가공업,과자,금속검출공정,2025
95,2022-5-0088,식품,Y,20210513955,농업회사법인(주)심연상,전라남도,순천시,식품제조가공업,과자,압축팽화공정,2025
96,2024-5-0534,식품,Y,20210513955,농업회사법인(주)심연상,전라남도,순천시,식품제조가공업,초콜릿가공품,압축팽화공정,2025
97,2025-5-0399,식품,Y,20240742399,주식회사 오너브,전북특별자치도,익산시,식품제조가공업,커피,"가열공정(살균),금속검출",2025
98,2025-5-0394,식품,Y,20240742399,주식회사 오너브,전북특별자치도,익산시,식품제조가공업,기타가공품,"가열공정(살균),금속검출공정",2025
99,2025-5-0398,식품,Y,20240742399,주식회사 오너브,전북특별자치도,익산시,식품제조가공업,캔디류,"가열공정(살균),금속검출",2025
100,2024-5-0444,식품,Y,20240742399,주식회사 오너브,전북특별자치도,익산시,식품제조가공업,액상차,살균공정,2025
101,2022-6-0784,식품,Y,20020467311,금산88홍삼,충청남도,금산군,식품제조가공업,인삼홍삼음료,여과공정,2025
102,2022-4-0317,식품,Y,20220810041,풀바디,경상북도,청송군,식품제조가공업,과채주스,,2025
103,2017-4-9105,식품,Y,19970569108,유동산업 주식회사,경상북도,성주군,식품제조가공업,발효식초,여과공정,2025
104,2018-5-9024,식품,Y,20090492105,현추어탕,전북특별자치도,남원시,식품제조가공업,즉석조리식품,금속검출공정,2025
105,2018-5-9025,식품,Y,20090492105,현추어탕,전북특별자치도,남원시,식품제조가공업,레토르트식품,"금속검출공정,멸균공정",2025
106,2009-6-8068,식품,Y,20080415128,농업회사법인㈜ 예소담,충청북도,청주시,식품제조가공업,김치(기타김치),X-ray검출공정,2025
107,2009-6-8069,식품,Y,20080415128,농업회사법인㈜ 예소담,충청북도,청주시,식품제조가공업,김치(배추김치),금속검출공정,2025
108,2022-5-0427,식품,Y,20210525076,주식회사 다인음료,전라남도,장흥군,식품제조가공업,혼합음료,"살균공정,여과공정",2025
109,2022-5-0426,식품,Y,20210525076,주식회사 다인음료,전라남도,장흥군,식품제조가공업,액상차,"살균공정,여과공정",2025
110,2022-1-0221,식품,Y,20100332296,가보식품(주),경기도,포천시,식품제조가공업,소스,금속검출공정,2025
111,2022-1-0222,식품,Y,20100332296,가보식품(주),경기도,포천시,식품제조가공업,복합조미식품,금속검출공정,2025
112,2022-1-0223,식품,Y,20100332296,가보식품(주),경기도,포천시,식품제조가공업,향신료조제품,금속검출공정,2025
113,2022-1-0224,식품,Y,20100332296,가보식품(주),경기도,포천시,식품제조가공업,기타가공품,금속검출공정,2025
114,2025-2-0282,식품,Y,19820607004,(주)빙그레,경상남도,김해시,식품제조가공업,과채음료,"살균공정,여과공정",2025
115,2019-4-9124,식품,Y,20150554007,주식회사한부각농업회사법인,경상북도,영주시,식품제조가공업,기타가공품,금속검출공정,2025
116,2025-4-0235,식품,Y,20150554007,주식회사한부각농업회사법인,경상북도,영주시,식품제조가공업,과채가공품,	금속검출공정,2025
117,2023-1-0287,식품,Y,20230501149,(주)닥터브레드,경기도,파주시,식품제조가공업,빵류,,2025
118,2025-1-0128,식품,Y,20230501149,(주)닥터브레드,경기도,파주시,식품제조가공업,과자,금속검출공정,2025
119,2017-5-9278,식품,Y,20110528067,㈜가온에프에스,전라남도,장성군,식품제조가공업,즉석조리식품,"굽기공정,취반가열공정,튀김공정",2025
120,2012-5-8041,식품,Y,20110528067,㈜가온에프에스,전라남도,장성군,식품제조가공업,즉석섭취식품,"굽기공정,취반가열공정,튀김공정",2025
121,2024-5-0693,식품,Y,20180517068,광양농부영농조합법인,전라남도,광양시,식품제조가공업,액상차,"여과공정,후살균공정",2025
122,2023-5-0625,식품,Y,20180517068,광양농부영농조합법인,전라남도,광양시,식품제조가공업,과자,"가열(퍼핑)공정,금속검출공정",2025
123,2024-5-0692,식품,Y,20180517068,광양농부영농조합법인,전라남도,광양시,식품제조가공업,기타식물성유지,"건조공정,세병공정,여과공정",2025
124,2023-5-0626,식품,Y,20180517068,광양농부영농조합법인,전라남도,광양시,식품제조가공업,캔디류,"살균공정,여과공정",2025
125,2024-4-0271,식품,Y,20240839305,안동시농산물가공센터,경상북도,안동시,식품제조가공업,혼합음료,"살균공정,여과공정",2025
126,2024-4-0270,식품,Y,20240839305,안동시농산물가공센터,경상북도,안동시,식품제조가공업,과채주스,"살균공정,여과공정",2025
127,2019-4-9127,식품,Y,19970541051,민속식품 명가,경상북도,김천시,식품제조가공업,떡류,"금속검출공정,증숙공정",2025
128,2010-4-8017,식품,Y,19930565005,남영양농협가공사업소,경상북도,영양군,식품제조가공업,고춧가루,쇳가루제거공정,2025
129,2014-4-8020,식품,Y,19940565002,영양농협가공사업소,경상북도,영양군,식품제조가공업,고춧가루,금속검출공정,2025
130,2020-1-0438,식품,Y,20200371341,주식회사 에이라이프,경기도,파주시,식품제조가공업,빵류,금속검출공정,2025
131,2020-1-0437,식품,Y,20200371341,주식회사 에이라이프,경기도,파주시,식품제조가공업,과자,금속검출공정,2025
132,2019-3-9484,식품,Y,20160347193,주식회사 송연에스와이,경기도,평택시,식품제조가공업,소스,"X-ray검출공정,가열(살균)공정,금속검출공정",2025
133,2013-6-8169,식품,Y,20040470032,(주)성신비엔에프,충청남도,부여군,식품제조가공업,빵류,금속검출공정,2025
134,2025-3-0303,식품,Y,20070358224,코스맥스엔비티(주),경기도,이천시,식품제조가공업,당류가공품,반제품검사공정,2025
135,2022-6-0042,식품,Y,20050236003,한터,대전광역시,서구,식품제조가공업,빵류,금속검출공정,2025
136,2022-6-0041,식품,Y,20050236003,한터,대전광역시,서구,식품제조가공업,과자,금속검출공정,2025
137,2018-2-9273,식품,Y,20120147172,㈜이대명과,부산광역시,금정구,식품제조가공업,과자,금속검출공정,2025
138,2022-4-0168,식품,Y,20060570122,주식회사 새한식품,경상북도,칠곡군,식품제조가공업,소스,"금속검출공정,살균공정",2025
139,2022-4-0169,식품,Y,20060570122,주식회사 새한식품,경상북도,칠곡군,식품제조가공업,기타가공품,"금속검출공정,수분활성도측정 공정",2025
140,2025-6-0029,식품,Y,20210457028,대상웰라이프주식회사천안2공장,충청남도,천안시,식품제조가공업,기타환자용 영양조제식품,"X-ray검출공정,멸균공정",2025
141,2024-6-0517,식품,Y,20210457028,대상웰라이프주식회사천안2공장,충청남도,천안시,식품제조가공업,신장질환자용 영양조제식품,"X-ray검출공정,멸균공정",2025
142,2019-2-9032,식품,Y,20180618067,주식회사 구포국수,경상남도,합천군,식품제조가공업,국수,건조공정,2025
143,2021-6-0043,식품,Y,20100461037,장애인보호작업장꿈꾸는나무,충청남도,아산시,식품제조가공업,빵류,금속검출공정,2025
144,2021-6-0042,식품,Y,20100461037,장애인보호작업장꿈꾸는나무,충청남도,아산시,식품제조가공업,과자,금속검출공정,2025
145,2015-1-8194,식품,Y,20150002152,(주)한국인삼공사,강원특별자치도,원주시,건강기능식품전문제조업,건강기능식품전문제조업(홍삼),튜블러살균공정,2025
146,2017-1-9072,식품,Y,20150383600,(주)한국인삼공사,강원특별자치도,원주시,식품제조가공업,추출가공식품,튜블러살균공정,2025
147,2015-1-8193,식품,Y,20150383600,(주)한국인삼공사,강원특별자치도,원주시,식품제조가공업,인삼홍삼음료,튜블러살균공정,2025
148,2024-1-0747,식품,Y,20150383600,(주)한국인삼공사,강원특별자치도,원주시,식품제조가공업,혼합음료,"X-ray검출공정,튜블러살균공정,후살균공정",2025
149,2025-2-0061,식품,Y,19820607004,(주)빙그레,경상남도,김해시,식품제조가공업,혼합음료,"살균공정,여과공정",2025
150,2017-6-9132,식품,Y,20140464047,농업회사법인 주식회사 산들본가,세종특별자치시,전의면,식품제조가공업,떡류,,2025
151,2022-4-0099,식품,Y,20220773048,(주)신라명가,경상북도,경주시,식품제조가공업,빵류,"가열공정	,금속검출공정	",2025
152,2025-3-0070,식품,Y,20240390209,주식회사 다이아몬드새우,경기도,성남시,식품제조가공업,조미김,금속검출공정,2025
153,2019-3-9281,식품,Y,20080336228,(주)후레쉬서브,경기도,오산시,식품제조가공업,즉석조리식품,"가열(굽기, 튀김, 볶음)공정",2025
154,2018-3-9063,식품,Y,20080336228,(주)후레쉬서브,경기도,오산시,식품제조가공업,기타가공품,"가열(삶기, 굽기, 튀김, 볶음)공정",2025
155,2009-3-8022,식품,Y,20080336228,(주)후레쉬서브,경기도,오산시,식품제조가공업,즉석섭취식품,"가열(취반, 굽기, 튀김, 볶음, 삶기)공정",2025
156,2019-3-9461,식품,Y,20120347120,동산떡집,경기도,용인시,식품제조가공업,떡류,,2025
157,2025-3-0137,식품,Y,20150358248,(주)선진fs,경기도,이천시,식품제조가공업,식육함유가공품,금속검출공정,2025
158,2015-3-8148,식품,Y,20060368135,농업회사법인 주식회사 마크로드제과,경기도,용인시,식품제조가공업,과자,금속검출공정,2025
159,2015-3-8149,식품,Y,20060368135,농업회사법인 주식회사 마크로드제과,경기도,용인시,식품제조가공업,빵류,,2025
160,2025-3-0083,식품,Y,20110311336,씨제이제일제당(주),경기도,안산시,식품제조가공업,덱스트린,"여과공정,연속농축공정",2025
161,2009-3-8002,식품,Y,20020347037,주식회사 동양아이스,경기,용인시,식품제조가공업,빙과,,2025
162,2019-3-9281,식품,Y,20080336228,㈜후레쉬서브,경기도,오산시,식품제조가공업,즉석조리식품,"금속검출공정,세정공정",2025
163,2009-3-8022,식품,Y,20080336228,㈜후레쉬서브,경기도,오산시,식품제조가공업,즉석섭취식품,"금속검출공정,세정공정",2025
164,2018-3-9063,식품,Y,20080336228,㈜후레쉬서브,경기도,오산시,식품제조가공업,기타가공품,"금속검출공정,세정공정",2025
165,2020-5-0037,식품,Y,20190532129,주식회사 오늘도,전라남도,담양군,식품제조가공업,과자,금속검출공정,2024
166,2024-5-0398,식품,Y,20190532129,주식회사 오늘도,전라남도,담양군,식품제조가공업,곡류가공품,금속검출공정,2024
167,2009-3-8002,식품,Y,20020347037,주식회사 동양아이스,경기,용인시,식품제조가공업,빙과,"금속검출공정,살균공정",2024
168,2020-1-0295,식품,Y,20200416037,주식회사 하이원베이커리 F2,강원도,정선군,식품제조가공업,빵류,금속검출공정,2024
169,2020-1-0294,식품,Y,20200416037,주식회사 하이원베이커리 F2,강원도,정선군,식품제조가공업,과자,금속검출공정,2024
170,2013-1-8067,식품,Y,20120398109,주식회사 하이원베이커리 F1,강원,정선군,식품제조가공업,빵류,금속검출공정,2024
171,2014-1-8199,식품,Y,20120398109,주식회사 하이원베이커리 F1,강원,정선군,식품제조가공업,과자,금속검출공정,2024
172,2022-1-0189,식품,Y,20170395080,농업회사법인 주식회사 웰빙가든,강원도,횡성군,식품제조가공업,숙면,금속검출공정,2024
173,2021-1-0728,식품,Y,20170395080,농업회사법인 주식회사 웰빙가든,강원도,횡성군,식품제조가공업,국수(건면),금속검출,2024
174,2018-6-9111,식품,Y,20080443097,씨제이제일제당(주),충청북도,진천군,식품제조가공업,식육함유가공품,살균공정,2024
175,2024-2-0406,식품,Y,19950616006,주식회사 피피이씨의령,경상남도,의령군,식품제조가공업,가공두부,열탕살균공정,2024
176,2012-5-8041,식품,Y,20110528067,㈜가온에프에스,전라남도,장성군,식품제조가공업,즉석섭취식품,금속검출공정,2024
177,2017-5-9278,식품,Y,20110528067,㈜가온에프에스,전라남도,장성군,식품제조가공업,즉석조리식품,금속검출공정,2024
178,2010-6-8019,식품,Y,19840415001,(주)정.식품,충청북도,청주시,식품제조가공업,성장기용 조제식,여과공정,2024
179,2017-6-9116,식품,Y,19840415001,(주)정.식품,충청북도,청주시,식품제조가공업,임산수유부용식품,여과공정,2024
180,2016-6-8355,식품,Y,19840415001,(주)정.식품,충청북도,청주시,식품제조가공업,인삼홍삼음료,여과공정,2024
181,2017-6-9115,식품,Y,19840415001,(주)정.식품,충청북도,청주시,식품제조가공업,과채주스,여과공정,2024
182,2010-6-8062,식품,Y,19840415001,(주)정.식품,충청북도,청주시,식품제조가공업,영유아용이유식,여과공정,2024
183,2017-6-9479,식품,Y,19840415001,(주)정.식품,충청북도,청주시,식품제조가공업,원액두유,여과공정,2024
184,2024-6-0223,식품,Y,19840415001,(주)정.식품,충청북도,청주시,식품제조가공업,일반 환자용 균형영양조제식품,여과공정,2024
185,2017-6-9500,식품,Y,19840415001,(주)정.식품,충청북도,청주시,식품제조가공업,두류가공품,여과공정,2024
186,2024-6-0224,식품,Y,19840415001,(주)정.식품,충청북도,청주시,식품제조가공업,소스,여과공정,2024
187,2016-6-8356,식품,Y,19840415001,(주)정.식품,충청북도,청주시,식품제조가공업,혼합음료,"멸균공정(파우치),여과공정(병),여과공정(파우치),여과공정(팩)",2024
188,2023-6-0562,식품,Y,19840415001,(주)정.식품,충청북도,청주시,식품제조가공업,커피,여과공정,2024
189,2016-6-8354,식품,Y,19840415001,(주)정.식품,충청북도,청주시,식품제조가공업,과채음료,여과공정,2024
190,2014-6-8295,식품,Y,19840415001,(주)정.식품,충청북도,청주시,식품제조가공업,가공두유,"멸균공정(파우치),여과공정(병),여과공정(파우치),여과공정(팩)",2024
191,2020-6-0060,식품,Y,19840415001,(주)정.식품,충청북도,청주시,식품제조가공업,체중조절용 조제식품,여과공정,2024
192,2014-6-8041,식품,Y,20090442040,(주)풀무원녹즙,충청북도,증평군,식품제조가공업,비가열음료,"여과공정,초고압처리공정",2024
193,2024-6-0286,식품,Y,20090442040,(주)풀무원녹즙,충청북도,증평군,식품제조가공업,과채가공품,여과공정,2024
194,2018-6-9223,식품,Y,20170415158,(주)오리온 제5청주공장,충청북도,청주시,식품제조가공업,과자,금속검출공정,2024
195,2019-3-9463,식품,Y,20160308386,(주)케이씨에프앤비,경기도,평택시,식품제조가공업,식육함유가공품,"금속검출공정,급속동결공정",2024
196,2022-3-1172,식품,Y,20160308386,(주)케이씨에프앤비,경기도,평택시,식품제조가공업,가공두부,"금속검출공정,급속동결공정",2024
197,2022-3-1173,식품,Y,20160308386,(주)케이씨에프앤비,경기도,평택시,식품제조가공업,기타어육가공품,"금속검출공정,급속동결공정",2024
198,2024-5-0398,식품,Y,20190532129,주식회사 오늘도,전라남도,담양군,식품제조가공업,곡류가공품,팽화공정,2024
199,2020-5-0037,식품,Y,20190532129,주식회사 오늘도,전라남도,담양군,식품제조가공업,과자,팽화공정,2024
200,2014-6-8358,식품,Y,19880445009,(주)피피이씨음성생면,충청북도,음성군,식품제조가공업,국수,X-ray검출공정,2024
201,2014-6-8344,식품,Y,19880445009,(주)피피이씨음성생면,충청북도,음성군,식품제조가공업,기타가공품,X-ray검출공정,2024
202,2019-6-9495,식품,Y,19880445009,(주)피피이씨음성생면,충청북도,음성군,식품제조가공업,즉석조리식품,X-ray검출공정,2024
203,2016-6-8392,식품,Y,19880445009,(주)피피이씨음성생면,충청북도,음성군,식품제조가공업,향미유,여과공정,2024
204,2016-6-8391,식품,Y,19880445009,(주)피피이씨음성생면,충청북도,음성군,식품제조가공업,복합조미식품,X-ray검출공정,2024
205,2014-6-8359,식품,Y,19880445009,(주)피피이씨음성생면,충청북도,음성군,식품제조가공업,숙면,X-ray검출공정,2024
206,2014-6-8360,식품,Y,19880445009,(주)피피이씨음성생면,충청북도,음성군,식품제조가공업,소스,"X-ray검출공정,금속검출공정,여과공정",2024
207,2019-6-9253,식품,Y,20190450208,씨제이제일제당(주) 진천 BLOSSOM CAMPUS 3동,충청북도,진천군,식품제조가공업,레토르트식품,X-ray검출공정,2024
208,2020-6-0731,식품,Y,20190450208,씨제이제일제당(주) 진천 BLOSSOM CAMPUS 3동,충청북도,진천군,식품제조가공업,즉석조리식품,X-ray검출공정,2024
209,2023-6-0450,식품,Y,20190450208,씨제이제일제당(주) 진천 BLOSSOM CAMPUS 3동,충청북도,진천군,식품제조가공업,즉석섭취식품,X-ray검출공정,2024
210,2019-5-9419,식품,Y,20180527080,이웅식품,전라남도,해남군,식품제조가공업,들기름,"세병공정,세척공정,여과공정",2024
211,2019-5-9418,식품,Y,20180527080,이웅식품,전라남도,해남군,식품제조가공업,참기름,"볶음공정,세병공정,여과공정",2024
212,2006-1-8003,식품,Y,20040355580,오뚜기냉동식품 주식회사,경기도,파주시,식품제조가공업,냉동식품 중 만두,증숙공정,2024
213,2023-1-0469,식품,Y,20160355813,펠리시타로스터리(주),경기도,파주시,식품제조가공업,커피,금속검출공정,2024
214,2010-2-8024,식품,Y,20060624012,서울우유협동조합거창공장,경상남도,거창군,식품제조가공업,과채주스,"금속검출공정,살균/냉각공정",2024
215,2017-2-9201,식품,Y,20060624012,서울우유협동조합거창공장,경상남도,거창군,식품제조가공업,커피,살균공정,2024
216,2022-1-0189,식품,Y,20170395080,농업회사법인 주식회사 웰빙가든,강원도,횡성군,식품제조가공업,숙면,가열(압출)공정,2024
217,2021-1-0728,식품,Y,20170395080,농업회사법인 주식회사 웰빙가든,강원도,횡성군,식품제조가공업,국수(건면),"가열(압출)공정,건조",2024
218,2020-5-0950,식품,Y,20180503041,순창군농산물종합가공센터,전북특별자치도,순창군,식품제조가공업,곡류가공품,"굽기공정,금속검출공정",2024
219,2014-2-8097,식품,Y,20140616022,(주)풀무원기분,경상남도,의령군,식품제조가공업,어묵,X-ray검출공정,2024
220,2022-1-0210,식품,Y,20210415215,평창군 농산물종합가공센터,강원도,평창군,식품제조가공업,과채주스,"살균공정,여과공정",2024
221,2019-6-9404,식품,Y,19970445144,씨제이푸드빌주식회사,충청북도,음성군,식품제조가공업,과채가공품,"가열(굽기, 끓임)공정,금속검출공정",2024
222,2016-6-8369,식품,Y,19970445144,씨제이푸드빌주식회사,충청북도,음성군,식품제조가공업,기타가공품,,2024
223,2023-3-0919,식품,Y,20230281127,(주)비젼식품,인천광역시,서구,식품제조가공업,식육함유가공품,급속동결공정,2024
224,2023-3-0920,식품,Y,20230281127,(주)비젼식품,인천광역시,서구,식품제조가공업,기타수산물가공품,급속동결공정,2024
225,2022-2-0633,식품,Y,20140616022,(주)풀무원기분,경상남도,의령군,식품제조가공업,기타수산물가공품,X-ray검출공정,2024
226,2023-2-0320,식품,Y,20140616022,(주)풀무원기분,경상남도,의령군,식품제조가공업,가공두부,X-ray 검출,2024
227,2021-2-0637,식품,Y,20140616022,(주)풀무원기분,경상남도,의령군,식품제조가공업,빵류,,2024
228,2005-2-8010,식품,Y,19950616006,주식회사 피피이씨의령,경상남도,의령군,식품제조가공업,두부,금속검출공정,2024
229,2014-5-8002,식품,Y,20140492035,남원미꾸리추어탕협동조합,전북특별자치도,남원시,식품제조가공업,레토르트식품,"금속검출공정,멸균공정",2024
230,2024-4-0148,식품,Y,20230803294,농업회사법인(주)심박,경상북도,영천시,식품제조가공업,캔디류,금속검출공정,2024
231,2018-5-9295,식품,Y,20180624407,하효살롱협동조합,제주특별자치도,서귀포시,식품제조가공업,과자,,2024
232,2022-4-0400,식품,Y,20220795165,한울 농업회사법인 주식회사,경상북도,영천시,식품제조가공업,서류가공품,살균공정,2024
233,2024-4-0212,식품,Y,20220795165,한울 농업회사법인 주식회사,경상북도,영천시,식품제조가공업,두류가공품,살균공정,2024
234,2022-4-0399,식품,Y,20220795165,한울 농업회사법인 주식회사,경상북도,영천시,식품제조가공업,과채가공품,살균공정,2024
235,2007-1-8016,식품,Y,19920380128,주식회사 피피이씨춘천,강원도,춘천시,식품제조가공업,두부,금속검출공정,2024
236,2020-3-0758,식품,Y,20200358204,(주)시그니처,경기도,군포시,식품제조가공업,빵류,금속검출공정,2024
237,2022-3-0985,식품,Y,20200358204,(주)시그니처,경기도,군포시,식품제조가공업,과자,금속검출공정,2024
238,2018-6-9223,식품,Y,20170415158,(주)오리온 제5청주공장,충청북도,청주시,식품제조가공업,과자,"로스팅공정,크림배합공정,프라잉공정",2024
239,2007-6-8006,식품,Y,20030445045,풀무원식품㈜,충청북도,음성군,식품제조가공업,두부,"금속검출공정,냉각공정,살균(열탕)공정",2024
240,2007-6-8007,식품,Y,20030445045,풀무원식품㈜,충청북도,음성군,식품제조가공업,가공두부,"금속검출공정,냉각공정,살균(열탕)공정",2024
241,2024-4-0401,식품,Y,20230782171,서가 농업회사법인 주식회사,경상북도,경주시,식품제조가공업,액상차,가열공정,2024
242,2018-6-9223,식품,Y,20170415158,(주)오리온 제5청주공장,충청북도,청주시,식품제조가공업,과자,소성공정,2024
243,2022-4-0385,식품,Y,20190570034,(주) 더동진,경상북도,영덕군,식품제조가공업,절임식품,금속검출공정,2024
244,2018-1-9295,식품,Y,20040101033,롯데 프리미엄 푸드마켓 서초점,서울특별시,서초구,기타식품판매업,기타식품판매업,,2024
245,2021-4-0371,식품,Y,20160543095,월영교달빵 주식회사 농업회사법인,경상북도,안동시,식품제조가공업,빵류,금속검출,2024
246,2023-4-0145,식품,Y,20220803004,신진씨앤푸드,경상북도,경산시,식품제조가공업,기타수산물가공품,금속검출공정,2024
247,2023-4-0144,식품,Y,20220803004,신진씨앤푸드,경상북도,경산시,식품제조가공업,기타어육가공품,금속검출공정,2024
248,2019-4-9239,식품,Y,20170567144,청그린(Green)식품,경상북도,청도군,식품제조가공업,과채주스,여과공정,2024
249,2021-4-0650,식품,Y,20000176082,경동한과,경상북도,경산시,식품제조가공업,과자,금속검출공정,2024
250,2018-4-9144,식품,Y,20180567073,농업회사법인 주식회사 여춘여산,경상북도,의성군,식품제조가공업,과채주스,가열(살균)공정,2024
251,2017-6-9116,식품,Y,19840415001,(주)정.식품,충청북도,청주시,식품제조가공업,임산수유부용식품,"멸균공정,충전공정(페이퍼멸균)",2024
252,2024-6-0223,식품,Y,19840415001,(주)정.식품,충청북도,청주시,식품제조가공업,일반 환자용 균형영양조제식품,"멸균공정,충전공전(페이퍼멸균)",2024
253,2024-6-0224,식품,Y,19840415001,(주)정.식품,충청북도,청주시,식품제조가공업,소스,"멸균공정,충전공전(페이퍼멸균)",2024
254,2010-6-8062,식품,Y,19840415001,(주)정.식품,충청북도,청주시,식품제조가공업,영유아용이유식,"멸균공정,충전공정(페이퍼멸균)",2024
255,2010-6-8019,식품,Y,19840415001,(주)정.식품,충청북도,청주시,식품제조가공업,성장기용 조제식,"멸균공정,충전공정(페이퍼멸균)",2024
256,2016-6-8355,식품,Y,19840415001,(주)정.식품,충청북도,청주시,식품제조가공업,인삼홍삼음료,"살균공정,세병공정",2024
257,2017-6-9115,식품,Y,19840415001,(주)정.식품,충청북도,청주시,식품제조가공업,과채주스,"살균공정,세병공정",2024
258,2017-6-9500,식품,Y,19840415001,(주)정.식품,충청북도,청주시,식품제조가공업,두류가공품,"멸균공정,충전공정(페이퍼멸균)",2024
259,2016-6-8356,식품,Y,19840415001,(주)정.식품,충청북도,청주시,식품제조가공업,혼합음료,"멸균공정(병),멸균공정(팩),살균공정(병),세병공정(병),충전공정(페이퍼멸균)",2024
260,2016-6-8354,식품,Y,19840415001,(주)정.식품,충청북도,청주시,식품제조가공업,과채음료,"살균공정,세병공정",2024
261,2017-6-9479,식품,Y,19840415001,(주)정.식품,충청북도,청주시,식품제조가공업,원액두유,"멸균공정,충전공정(페이퍼멸균)",2024
262,2014-6-8295,식품,Y,19840415001,(주)정.식품,충청북도,청주시,식품제조가공업,가공두유,"멸균공정(병),멸균공정(팩),살균공정(병),세병공정(병),충전공정(페이퍼멸균)",2024
263,2020-6-0060,식품,Y,19840415001,(주)정.식품,충청북도,청주시,식품제조가공업,체중조절용 조제식품,"멸균공정,충전공정(페이퍼멸균)",2024
264,2023-6-0562,식품,Y,19840415001,(주)정.식품,충청북도,청주시,식품제조가공업,커피,"멸균공정,세병공정",2024
265,2022-4-0468,식품,Y,20040554242,현재농원,경상북도,영주시,식품제조가공업,고춧가루,금속검출,2024
266,2021-6-0087,식품,Y,20140441013,(주)아오스,충청북도,영동군,식품제조가공업,과채가공품,여과공정,2024
267,2021-4-0123,식품,Y,20110548996,짝꿍푸드인사동떡집,경상북도,구미시,식품제조가공업,떡류,금속검출공정,2024
268,2005-6-8001,식품,Y,19880442004,풀무원건강생활(주),충청북도,증평군,식품제조가공업,생식함유제품,X-ray검출공정,2024
269,2016-6-8415,식품,Y,19880442004,풀무원건강생활(주),충청북도,증평군,식품제조가공업,기타가공품,금속검출공정,2024
270,2024-6-0077,식품,Y,19880442004,풀무원건강생활(주),충청북도,증평군,식품제조가공업,효소식품,금속검출공정,2024
271,2016-6-8417,식품,Y,19880442004,풀무원건강생활(주),충청북도,증평군,식품제조가공업,체중조절용 조제식품,X-ray검출공정,2024
272,2016-6-8414,식품,Y,19880442004,풀무원건강생활(주),충청북도,증평군,식품제조가공업,고형차,금속검출공정,2024
273,2024-3-0099,식품,Y,20150308018,(주)에치와이 평택공장,경기도,평택시,식품제조가공업,유산균음료,"살균(사입유제조)공정,살균(시럽제조)공정,여과공정,원액보관공정",2024
274,2022-4-0168,식품,Y,20060570122,주식회사 새한식품,경상북도,칠곡군,식품제조가공업,소스,"금속검출공정,살균공정",2024
275,2022-4-0169,식품,Y,20060570122,주식회사 새한식품,경상북도,칠곡군,식품제조가공업,기타가공품,금속검출공정,2024
276,2010-4-8017,식품,Y,19930565005,남영양농협가공사업소,경상북도,영양군,식품제조가공업,고춧가루,X-ray검출공정,2024
277,2020-4-0426,식품,Y,20150558198,알뜨랑농원,경상북도,문경시,식품제조가공업,과자,금속검출공정,2024
278,2021-6-0087,식품,Y,20140441013,(주)아오스,충청북도,영동군,식품제조가공업,과채가공품,살균공정,2024
279,2023-5-0070,식품,Y,20160525015,농업회사법인 주식회사 지성식품,전라남도,무안군,식품제조가공업,과채주스,"살균공정,여과공정",2024
280,2020-5-0114,식품,Y,20160525015,농업회사법인 주식회사 지성식품,전라남도,무안군,식품제조가공업,액상차,"살균공정,여과공정",2024
281,2020-2-0597,식품,Y,20150624086,농업회사법인 진산명가 주식회사,경상남도,거창군,식품제조가공업,땅콩 또는 견과류가공품,"X-ray검출공정,당절임살균공정,살균공정",2024
282,2022-4-0317,식품,Y,20220810041,풀바디,경상북도,청송군,식품제조가공업,과채주스,가열공정,2024
283,2019-5-9050,식품,Y,20090221004,틔움직업재활센터,광주광역시,북구,식품제조가공업,빵류,,2024
284,2019-5-9049,식품,Y,20090221004,틔움직업재활센터,광주광역시,북구,식품제조가공업,과자,"금속검출공정,오븐(가열)공정",2024
285,2020-6-0731,식품,Y,20190450208,씨제이제일제당(주) 진천 BLOSSOM CAMPUS 3동,충청북도,진천군,식품제조가공업,즉석조리식품,열처리공정,2024
286,2019-6-9253,식품,Y,20190450208,씨제이제일제당(주) 진천 BLOSSOM CAMPUS 3동,충청북도,진천군,식품제조가공업,레토르트식품,레토르트공정,2024
287,2023-6-0450,식품,Y,20190450208,씨제이제일제당(주) 진천 BLOSSOM CAMPUS 3동,충청북도,진천군,식품제조가공업,즉석섭취식품,열처리공정,2024
288,2021-6-0088,식품,Y,20140441013,(주)아오스,충청북도,영동군,식품제조가공업,기타가공품,금속검출공정,2024
289,2021-6-0082,식품,Y,20140441013,(주)아오스,충청북도,영동군,식품제조가공업,캔디류,금속검출공정,2024
290,2022-6-0820,식품,Y,20140441013,(주)아오스,충청북도,영동군,식품제조가공업,당류가공품,금속검출공정,2024
291,2021-6-0086,식품,Y,20140441013,(주)아오스,충청북도,영동군,식품제조가공업,음료베이스,금속검출공정,2024
292,2021-6-0400,식품,Y,20140441013,(주)아오스,충청북도,영동군,식품제조가공업,효모식품,금속검출공정,2024
293,2021-6-0087,식품,Y,20140441013,(주)아오스,충청북도,영동군,식품제조가공업,과채가공품,금속검출공정,2024
294,2017-3-9552,식품,Y,19760311001,서울우유협동조합 안산공장,경기도,안산시,식품제조가공업,커피,"멸균공정,여과공정",2024
295,2014-3-8377,식품,Y,19760311001,서울우유협동조합 안산공장,경기도,안산시,식품제조가공업,과채음료,"멸균공정,여과공정",2024
296,2017-1-9378,식품,Y,20170389335,㈜화남인터내셔날,강원도,동해시,식품제조가공업,기타수산물가공품,금속검출공정,2024
297,2017-1-9346,식품,Y,20170389335,㈜화남인터내셔날,강원도,동해시,식품제조가공업,기타수산물가공품 중 냉동어류,금속검출공정,2024
298,2013-2-8213,식품,Y,19850614055,(주)엠에스씨(MSC),경상남도,양산시,식품제조가공업,인삼홍삼음료,X-ray검출공정,2024
299,2016-2-8142,식품,Y,19850614055,(주)엠에스씨(MSC),경상남도,양산시,식품제조가공업,액상차,X-ray검출공정,2024
300,2010-2-8033,식품,Y,19850614055,(주)엠에스씨(MSC),경상남도,양산시,식품제조가공업,과채주스,X-ray검출공정(치어팩생산라인에 한함),2024
301,2010-2-8035,식품,Y,19850614055,(주)엠에스씨(MSC),경상남도,양산시,식품제조가공업,혼합음료,X-ray검출공정(치어팩생산라인에 한함),2024
302,2017-2-9121,식품,Y,19850614055,(주)엠에스씨(MSC),경상남도,양산시,식품제조가공업,캔디류,X-ray검출공정,2024
303,2010-2-8032,식품,Y,19850614055,(주)엠에스씨(MSC),경상남도,양산시,식품제조가공업,과채음료,X-ray검출공정(치어팩생산라인에 한함),2024
304,2016-2-8143,식품,Y,19850614055,(주)엠에스씨(MSC),경상남도,양산시,식품제조가공업,유산균음료,X-ray검출공정,2024
305,2024-2-0058,식품,Y,20150149323,(주)세이코커피코리아,경상남도,창원시,식품제조가공업,커피,"금속검출공정,수분활성도측정",2024
306,2019-5-9143,식품,Y,20190491220,피피이씨글로벌김치 주식회사,전라북도,익산시,식품제조가공업,김치(기타김치),X-ray검출공정,2024
307,2019-5-9145,식품,Y,20190491220,피피이씨글로벌김치 주식회사,전라북도,익산시,식품제조가공업,김칫속,X-ray검출공정,2024
308,2019-5-9142,식품,Y,20190491220,피피이씨글로벌김치 주식회사,전라북도,익산시,식품제조가공업,김치(배추김치),"X-ray검출공정,살균공정",2024
309,2019-5-9144,식품,Y,20190491220,피피이씨글로벌김치 주식회사,전라북도,익산시,식품제조가공업,절임식품,X-ray검출공정,2024
310,2022-4-0443,식품,Y,20220780218,마일포스트 제2공장,경상북도,안동시,식품제조가공업,액상차,금속검출공정,2024
311,2023-4-0179,식품,Y,20220780218,마일포스트 제2공장,경상북도,안동시,식품제조가공업,탄산음료,금속검출공정	,2024
312,2018-4-9166,식품,Y,20180575102,소화농장,경상북도,예천군,식품제조가공업,원액두유,"멸균공정,여과공정",2024
313,2017-3-9061,식품,Y,19800190030,씨제이제일제당㈜,인천,중구,식품제조가공업,해바라기유,탈취,2024
314,2016-1-8208,식품,Y,20100015160,서울탁주강동연합제조장,서울,강동구,식품제조가공업(주류제조),탁주,"세병공정,여과공정",2024
315,2017-1-9123,식품,Y,20100015161,서울탁주도봉연합제조장,서울특별시,도봉구,식품제조가공업(주류제조),탁주,"병세척공정,이물제거공정",2024
316,2019-2-9205,식품,Y,20190593793,주식회사 이음새 농업회사법인,경상남도,진주시,식품제조가공업,과자,가열(팽화)공정,2024
317,2002-3-8003,식품,Y,19860358059,샘표식품㈜ 이천공장,경기도,이천시,식품제조가공업,혼합간장,"공병크리닝공정,살균공정,알칼리화공정,여과공정",2024
318,2017-3-9190,식품,Y,19860358059,샘표식품㈜ 이천공장,경기도,이천시,식품제조가공업,산분해간장,"살균공정,알칼리화공정,여과공정",2024
319,2017-3-9564,식품,Y,19860358059,샘표식품㈜ 이천공장,경기도,이천시,식품제조가공업,한식간장,"공병크리닝공정,살균공정,여과공정",2024
320,2017-3-9187,식품,Y,19860358059,샘표식품㈜ 이천공장,경기도,이천시,식품제조가공업,두류가공품,"살균공정,여과공정",2024
321,2017-3-9186,식품,Y,19860358059,샘표식품㈜ 이천공장,경기도,이천시,식품제조가공업,곡류가공품,"살균공정,알칼리화공정,여과공정",2024
322,2017-3-9566,식품,Y,19860358059,샘표식품㈜ 이천공장,경기도,이천시,식품제조가공업,소스,"공병크리닝공정,살균공정,여과공정",2024
323,2017-3-9185,식품,Y,19860358059,샘표식품㈜ 이천공장,경기도,이천시,식품제조가공업,복합조미식품,"살균공정,여과공정",2024
324,2017-3-9565,식품,Y,19860358059,샘표식품㈜ 이천공장,경기도,이천시,식품제조가공업,효모식품,"살균공정,여과공정",2024
325,2017-3-9189,식품,Y,19860358059,샘표식품㈜ 이천공장,경기도,이천시,식품제조가공업,추출가공식품,"살균공정,여과공정",2024
326,2002-3-8004,식품,Y,19860358059,샘표식품㈜ 이천공장,경기도,이천시,식품제조가공업,양조간장,"공병크리닝공정,살균공정,여과공정",2024
327,2017-1-9186,식품,Y,20130015037,서울탁주태능연합제조장,서울특별시,중랑구,식품제조가공업(주류제조),탁주,"병세척공정,이물제거공정",2024
328,2019-5-9106,식품,Y,19850499011,대상(주),전북특별자치도,순창군,식품제조가공업,조미액젓,"살균공정,여과공정",2024
329,2019-5-9105,식품,Y,19850499011,대상(주),전북특별자치도,순창군,식품제조가공업,액젓,"살균공정,여과공정",2024
330,2024-3-0045,식품,Y,20160368665,(주)아워홈 동서울영업소,경기도,광주시,식품냉동냉장업,식품냉동냉장업,냉장식품보관,2024
331,2021-6-1126,식품,Y,20180456011,대상웰라이프주식회사천안공장,충청남도,천안시,식품제조가공업,암환자용 영양조제식품,,2024
332,2024-6-0004,식품,Y,20210457028,대상웰라이프주식회사천안2공장,충청남도,천안시,식품제조가공업,고혈압환자용 영양조제식품,"X-ray검출공정,멸균공정",2024
333,2009-2-8013,식품,Y,20000618107,영주식품,경상남도,창녕군,식품제조가공업,김치(배추김치),"금속검출공정,기타농산물세척공정,배추세척공정",2024
334,2009-2-8014,식품,Y,20000618107,영주식품,경상남도,창녕군,식품제조가공업,김치(기타김치),"금속검출공정,기타농산물세척공정,배추세척공정",2024
335,2017-2-9176,식품,Y,20000618107,영주식품,경상남도,창녕군,식품제조가공업,절임식품,"금속검출공정,배추세척공정",2024
336,2023-6-0060,식품,Y,20090440107,주식회사 엘엔에프 농업회사법인,충청북도,옥천군,식품제조가공업,땅콩 또는 견과류가공품,"가열(건조)공정,가열(오븐)공정,금속검출공정,수분활성도측정공정",2024
337,2022-6-0540,식품,Y,20220653055,파마코푸드주식회사,충청남도,금산군,식품제조가공업,액상차,"살균공정,여과공정",2024
338,2022-6-0542,식품,Y,20220653055,파마코푸드주식회사,충청남도,금산군,식품제조가공업,기타가공품,"건조공정,금속검출공정",2024
339,2022-6-0541,식품,Y,20220653055,파마코푸드주식회사,충청남도,금산군,식품제조가공업,인삼홍삼음료,"살균공정,여과공정",2024
340,2024-6-0026,식품,Y,20130368349,㈜소울네이처푸드,충청남도,천안시,식품제조가공업,커피,수분활성도측정공정,2024
341,2016-6-8017,식품,Y,20150461821,화심영농조합법인,충청남도,아산시,식품제조가공업,레토르트식품,가열(레토르트멸균)공정,2024
342,2010-3-8001,식품,Y,20060347161,(주)아워홈,경기도,용인시,식품제조가공업,어묵,금속검출공정,2024
343,2020-6-0613,식품,Y,20100466070,(주)아워홈,충청남도,계룡시,식품제조가공업,묵류,금속검출공정,2024
344,2016-6-8278,식품,Y,20060445219,(주)아워홈,충청북도,음성군,식품제조가공업,당류가공품,X-ray검출공정,2024
345,2014-2-8162,식품,Y,20020614179,(주)아워홈,경상남도,양산시,식품제조가공업,숙면,X-ray검출공정,2024
346,2014-6-8193,식품,Y,20140435098,(주)아워홈,충청북도,제천시,식품제조가공업,김치(배추김치),X-ray검출공정,2024
347,2002-5-8005,식품,Y,19850499011,대상(주),전라북도,순창군,식품제조가공업,양조간장,"살균공정,여과공정",2024
348,2002-5-8007,식품,Y,19850499011,대상(주),전라북도,순창군,식품제조가공업,한식간장,"살균공정,여과공정",2024
349,2016-6-8360,식품,Y,20110445292,(주)흥국에프엔비,충청북도,음성군,식품제조가공업,당류가공품,"수분활성도측정공정,여과공정",2024
350,2012-6-8204,식품,Y,20110445292,(주)흥국에프엔비,충청북도,음성군,식품제조가공업,비가열음료,여과공정,2024
351,2012-6-8174,식품,Y,20110445292,(주)흥국에프엔비,충청북도,음성군,식품제조가공업,과채가공품,"고온배치살균공정,여과공정",2024
352,2017-6-9492,식품,Y,20110445292,(주)흥국에프엔비,충청북도,음성군,식품제조가공업,기타가공품,"수분활성도측정공정,여과공정",2024
353,2018-6-9088,식품,Y,20110445292,(주)흥국에프엔비,충청북도,음성군,식품제조가공업,기타 코코아가공품,"수분활성도측정공정,여과공정",2024
354,2014-6-8237,식품,Y,20110445292,(주)흥국에프엔비,충청북도,음성군,식품제조가공업,커피,"수분활성도측정공정,여과공정",2024
355,2017-6-9491,식품,Y,20110445292,(주)흥국에프엔비,충청북도,음성군,식품제조가공업,고형차,"수분활성도측정공정,여과공정",2024
356,2021-6-1126,식품,Y,20210457028,대상웰라이프주식회사천안2공장,충청남도,천안시,식품제조가공업,암환자용 영양조제식품,"X-ray검출공정,멸균공정",2024
357,2021-6-1127,식품,Y,20210457028,대상웰라이프주식회사천안2공장,충청남도,천안시,식품제조가공업,당뇨환자용 영양조제식품,"X-ray검출공정,멸균공정",2024
358,2021-6-1125,식품,Y,20210457028,대상웰라이프주식회사천안2공장,충청남도,천안시,식품제조가공업,일반 환자용 균형영양조제식품,"X-ray검출공정,멸균공정",2024
359,2021-6-1128,식품,Y,20210457028,대상웰라이프주식회사천안2공장,충청남도,천안시,식품제조가공업,혼합음료,"X-ray검출공정,멸균공정",2024
360,2016-1-8012,식품,Y,20090015058,서울탁주성동연합제조장,서울,성동구,식품제조가공업(주류제조),탁주,"발효공정,병세척공정,여과공정",2023
361,2017-1-9123,식품,Y,20100015161,서울탁주도봉연합제조장,서울특별시,도봉구,식품제조가공업(주류제조),탁주,발효공정,2023
362,2021-3-1654,식품,Y,20200280390, 주식회사 샐리쿡,경기도,성남시,식품제조가공업,당뇨환자용 식단형 식품,금속검출공정 ,2023
363,2021-3-0257,식품,Y,20200280390, 주식회사 샐리쿡,경기도,성남시,식품제조가공업,가공두부,금속검출공정,2023
364,2021-3-0788,식품,Y,20200280390, 주식회사 샐리쿡,경기도,성남시,식품제조가공업,곡류가공품,금속검출공정 ,2023
365,2021-3-1658,식품,Y,20200280390, 주식회사 샐리쿡,경기도,성남시,식품제조가공업,암환자용 식단형 식품,금속검출공정,2023
366,2021-3-0258,식품,Y,20200280390, 주식회사 샐리쿡,경기도,성남시,식품제조가공업,즉석조리식품,금속검출공정,2023
367,2017-3-9173,식품,Y,20170347060,㈜비앤비코리아,경기도,용인시,식품제조가공업,향미유,여과공정,2023
368,2017-3-9171,식품,Y,20170347060,㈜비앤비코리아,경기도,용인시,식품제조가공업,해바라기유,여과공정,2023
369,2017-3-9170,식품,Y,20170347060,㈜비앤비코리아,경기도,용인시,식품제조가공업,채종유(유채유 또는 카놀라유),여과공정,2023
370,2017-3-9169,식품,Y,20170347060,㈜비앤비코리아,경기도,용인시,식품제조가공업,콩기름(대두유),여과공정,2023
371,2019-3-9205,식품,Y,20170347060,㈜비앤비코리아,경기도,용인시,식품제조가공업,미강유(현미유),여과공정,2023
372,2019-3-9204,식품,Y,20170347060,㈜비앤비코리아,경기도,용인시,식품제조가공업,옥수수기름(옥배유),여과공정,2023
373,2019-3-9201,식품,Y,20170347060,㈜비앤비코리아,경기도,용인시,식품제조가공업,올리브유,여과공정,2023
374,2017-3-9172,식품,Y,20170347060,㈜비앤비코리아,경기도,용인시,식품제조가공업,혼합식용유,여과공정,2023
375,2019-3-9202,식품,Y,20170347060,㈜비앤비코리아,경기도,용인시,식품제조가공업,팜유류,여과공정,2023
376,2021-6-1126,식품,Y,20210457028,대상웰라이프주식회사천안2공장,충청남도,천안시,식품제조가공업,암환자용 영양조제식품,"X-ray검출공정,멸균공정",2023
377,2021-6-1125,식품,Y,20210457028,대상웰라이프주식회사천안2공장,충청남도,천안시,식품제조가공업,일반 환자용 균형영양조제식품,"X-ray검출공정,멸균공정",2023
378,2021-6-1128,식품,Y,20210457028,대상웰라이프주식회사천안2공장,충청남도,천안시,식품제조가공업,혼합음료,"X-ray검출공정,멸균공정",2023
379,2021-6-1127,식품,Y,20210457028,대상웰라이프주식회사천안2공장,충청남도,천안시,식품제조가공업,당뇨환자용 영양조제식품,"X-ray검출공정,멸균공정",2023
380,2023-1-0391,식품,Y,20220494791,다미아일품(주),경기도,파주시,식품제조가공업,빵류,금속검출공정,2023
381,2023-1-0390,식품,Y,20220494791,다미아일품(주),경기도,파주시,식품제조가공업,과자,금속검출공정,2023
382,2014-1-8026,식품,Y,20060015020,㈜국순당,강원도,횡성군,식품제조가공업(주류제조),탁주,공병세척공정,2023
383,2017-1-9259,식품,Y,20060015020,㈜국순당,강원도,횡성군,식품제조가공업(주류제조),리큐르,공병세척공정,2023
384,2014-1-8123,식품,Y,20060015020,㈜국순당,강원도,횡성군,식품제조가공업(주류제조),과실주,공병세척공정,2023
385,2016-1-8175,식품,Y,20060015020,㈜국순당,강원도,횡성군,식품제조가공업(주류제조),기타주류,공병세척공정,2023
386,2016-1-8161,식품,Y,20060015020,㈜국순당,강원도,횡성군,식품제조가공업(주류제조),일반증류주,공병세척공정,2023
387,2016-1-8206,식품,Y,20060015020,㈜국순당,강원도,횡성군,식품제조가공업(주류제조),청주,공병세척공정,2023
388,2014-1-8122,식품,Y,20060015020,㈜국순당,강원도,횡성군,식품제조가공업(주류제조),약주,공병세척공정,2023
389,2018-1-9029,식품,Y,20060015020,㈜국순당,강원도,횡성군,식품제조가공업(주류제조),브랜디,공병세척공정,2023
390,2023-5-0727,식품,Y,20150494252,농업회사법인 한국오가닉(주),전라북도,전주시,식품제조가공업,과자,금속검출공정,2023
391,2023-5-0730,식품,Y,20150494252,농업회사법인 한국오가닉(주),전라북도,전주시,식품제조가공업,기타농산가공품,"금속검출공정,볶음공정",2023
392,2023-5-0728,식품,Y,20150494252,농업회사법인 한국오가닉(주),전라북도,전주시,식품제조가공업,참기름,"볶음공정,여과공정",2023
393,2023-5-0729,식품,Y,20150494252,농업회사법인 한국오가닉(주),전라북도,전주시,식품제조가공업,들기름,"볶음공정,여과공정",2023
394,2017-1-9186,식품,Y,20130015037,서울탁주태능연합제조장,서울특별시,중랑구,식품제조가공업(주류제조),탁주,발효공정,2023
395,2016-1-8208,식품,Y,20100015160,서울탁주강동연합제조장,서울,강동구,식품제조가공업(주류제조),탁주,발효공정,2023
396,2020-1-0055,식품,Y,20040386194,은정한과,강원도,강릉시,식품제조가공업,과자,"가열(유탕)공정,금속검출공정",2023
397,2016-3-8456,식품,Y,19750208003,㈜삼양사,인천광역시,서구,식품제조가공업,올리고당가공품,,2023
398,2016-3-8342,식품,Y,19750208003,㈜삼양사,인천광역시,서구,식품제조가공업,전분가공품,,2023
399,2016-3-8455,식품,Y,19750208003,㈜삼양사,인천광역시,서구,식품제조가공업,전분,,2023
400,2016-3-8456,식품,Y,19750208003,㈜삼양사,인천광역시,서구,식품제조가공업,올리고당가공품,,2023
401,2016-3-8455,식품,Y,19750208003,㈜삼양사,인천광역시,서구,식품제조가공업,전분,,2023
402,2016-3-8342,식품,Y,19750208003,㈜삼양사,인천광역시,서구,식품제조가공업,전분가공품,,2023
403,2022-1-0563,식품,Y,20190029466,(주)쿠엔즈버킷,서울특별시,중구,식품제조가공업,기타농산가공품,"금속검출공정,볶음공정",2023
404,2022-1-0562,식품,Y,20190029466,(주)쿠엔즈버킷,서울특별시,중구,식품제조가공업,들기름,"금속검출공정,볶음공정,세병공정",2023
405,2022-1-0561,식품,Y,20190029466,(주)쿠엔즈버킷,서울특별시,중구,식품제조가공업,참기름,"금속검출공정,볶음공정,세병공정",2023
406,2013-3-8248,식품,Y,20110347221,㈜신일피쉬,경기,용인시,식품제조가공업,기타수산물가공품 중 냉동연체류,금속검출공정,2023
407,2013-3-8247,식품,Y,20110347221,㈜신일피쉬,경기,용인시,식품제조가공업,기타수산물가공품 중 냉동어류,금속검출공정,2023
408,2007-3-8028,식품,Y,19970306107,주식회사 해들촌 농업회사법인,경기도,평택시,식품제조가공업,고춧가루,금속검출공정,2023
409,2017-3-9496,식품,Y,20110208075,태양이엔에스㈜,인천광역시,서구,식품제조가공업,빵류,오븐가열공정,2023
410,2019-2-9032,식품,Y,20180618067,주식회사 구포국수,경상남도,합천군,식품제조가공업,국수,건조공정,2023
411,2016-2-8142,식품,Y,19850614055,(주)엠에스씨(MSC),경상남도,양산시,식품제조가공업,액상차,"살균공정,여과공정",2023
412,2016-2-8143,식품,Y,19850614055,(주)엠에스씨(MSC),경상남도,양산시,식품제조가공업,유산균음료,"살균공정,여과공정",2023
413,2013-2-8213,식품,Y,19850614055,(주)엠에스씨(MSC),경상남도,양산시,식품제조가공업,인삼홍삼음료,"살균공정,여과공정",2023
414,2016-2-8145,식품,Y,19850614055,(주)엠에스씨(MSC),경상남도,양산시,식품제조가공업,탄산음료,"살균공정,여과공정",2023
415,2010-2-8035,식품,Y,19850614055,(주)엠에스씨(MSC),경상남도,양산시,식품제조가공업,혼합음료,"살균공정,여과공정",2023
416,2010-2-8033,식품,Y,19850614055,(주)엠에스씨(MSC),경상남도,양산시,식품제조가공업,과채주스,"살균공정,여과공정",2023
417,2016-2-8144,식품,Y,19850614055,(주)엠에스씨(MSC),경상남도,양산시,식품제조가공업,커피,"살균공정,여과공정",2023
418,2010-2-8032,식품,Y,19850614055,(주)엠에스씨(MSC),경상남도,양산시,식품제조가공업,과채음료,"살균공정,여과공정",2023
419,2017-2-9121,식품,Y,19850614055,(주)엠에스씨(MSC),경상남도,양산시,식품제조가공업,캔디류,살균공정,2023
420,2014-3-8339,식품,Y,19870190023,삼양사,인천광역시,중구,식품제조가공업,해바라기유,"여과공정,탈취공정",2023
421,2014-3-8341,식품,Y,19870190023,삼양사,인천광역시,중구,식품제조가공업,팜유류,"여과공정,탈취공정",2023
422,2014-3-8338,식품,Y,19870190023,삼양사,인천광역시,중구,식품제조가공업,미강유(현미유),"여과공정,탈취공정",2023
423,2014-3-8344,식품,Y,19870190023,삼양사,인천광역시,중구,식품제조가공업,가공유지,"여과공정,탈취공정",2023
424,2014-3-8336,식품,Y,19870190023,삼양사,인천광역시,중구,식품제조가공업,옥수수기름(옥배유),"여과공정,탈취공정",2023
425,2014-3-8345,식품,Y,19870190023,삼양사,인천광역시,중구,식품제조가공업,쇼트닝,"금속검출공정,여과공정",2023
426,2014-3-8343,식품,Y,19870190023,삼양사,인천광역시,중구,식품제조가공업,혼합식용유,"여과공정,탈취공정",2023
427,2017-3-9421,식품,Y,19870190023,삼양사,인천광역시,중구,식품제조가공업,기타식물성유지,여과공정,2023
428,2017-3-9447,식품,Y,19870190023,삼양사,인천광역시,중구,식품제조가공업,빵류,"금속검출공정,급속동결공정",2023
429,2017-3-9422,식품,Y,19870190023,삼양사,인천광역시,중구,식품제조가공업,기타 식용유지가공품,여과공정,2023
430,2014-3-8342,식품,Y,19870190023,삼양사,인천광역시,중구,식품제조가공업,야자유,"여과공정,탈취공정",2023
431,2014-3-8335,식품,Y,19870190023,삼양사,인천광역시,중구,식품제조가공업,콩기름(대두유),"여과공정,탈취공정",2023
432,2014-3-8346,식품,Y,19870190023,삼양사,인천광역시,중구,식품제조가공업,마가린,"금속검출공정,살균공정,여과공정(소포장제품에 한함)",2023
433,2014-3-8340,식품,Y,19870190023,삼양사,인천광역시,중구,식품제조가공업,목화씨기름(면실유),"여과공정,탈취공정",2023
434,2014-3-8337,식품,Y,19870190023,삼양사,인천광역시,중구,식품제조가공업,채종유(유채유 또는 카놀라유),"여과공정,탈취공정",2023
435,2016-1-8085,식품,Y,20120015009,서울탁주서부연합제조장,서울,은평구,식품제조가공업(주류제조),탁주,"세병공정,여과공정",2023
436,2010-5-8046,식품,Y,19840221008,해태제과식품(주)광주공장,광주광역시,북구,식품제조가공업,캔디류,"금속검출공정,농축공정",2023
437,2010-5-8045,식품,Y,19840221008,해태제과식품(주)광주공장,광주광역시,북구,식품제조가공업,과자,"금속검출공정,소성공정",2023
438,2019-5-9045,식품,Y,19840221008,해태제과식품(주)광주공장,광주광역시,북구,식품제조가공업,냉동식품 중 만두,"금속검출공정,증숙공정",2023
439,2011-5-8081,식품,Y,19970506262,여수시돌산갓영농조합법인,전남,여수시,식품제조가공업,김칫속,금속검출공정,2023
440,2011-5-8079,식품,Y,19970506262,여수시돌산갓영농조합법인,전남,여수시,식품제조가공업,김치(기타김치),금속검출공정,2023
441,2011-5-8080,식품,Y,19970506262,여수시돌산갓영농조합법인,전남,여수시,식품제조가공업,절임식품,금속검출공정,2023
442,2020-3-0886,식품,Y,20130275309,주식회사 황초원,경기도,성남시,식품제조가공업,혼합음료,"가열(살균)공정,세병공정,여과공정",2023
443,2020-3-1250,식품,Y,20130275309,주식회사 황초원,경기도,성남시,식품제조가공업,침출차,"가열(건조)공정,가열(증기)공정,금속검출공정",2023
444,2020-3-0885,식품,Y,20130275309,주식회사 황초원,경기도,성남시,식품제조가공업,액상차,"가열(살균)공정,세병공정,여과공정",2023
445,2020-3-1251,식품,Y,20130275309,주식회사 황초원,경기도,성남시,식품제조가공업,고형차,"가열(건조)공정,가열(증기)공정,금속검출공정",2023
446,2015-5-8234,식품,Y,19860506002,(주)아라움,전라남도,여수시,식품제조가공업,기타어육가공품,튀김공정,2023
447,2018-5-9086,식품,Y,19860506002,(주)아라움,전라남도,여수시,식품제조가공업,조미건어포,"구이공정,금속검출공정",2023
448,2015-5-8233,식품,Y,19860506002,(주)아라움,전라남도,여수시,식품제조가공업,식육함유가공품,튀김공정,2023
449,2021-5-0314,식품,Y,19860506002,(주)아라움,전라남도,여수시,식품제조가공업,과자,"금속검출공정,튀김공정",2023
450,2015-5-8232,식품,Y,19860506002,(주)아라움,전라남도,여수시,식품제조가공업,기타수산물가공품,튀김공정,2023
451,2021-4-0189,식품,Y,20180189034,가창옛날찐빵 본점,대구광역시,달성군,식품제조가공업,빵류,금속검출공정,2023
452,2021-4-0190,식품,Y,20180189034,가창옛날찐빵 본점,대구광역시,달성군,식품제조가공업,냉동식품 중 만두,금속검출공정,2023
453,2021-3-1500,식품,Y,20200380296,(주)유니온트리,경기도,김포시,식품제조가공업,빵류,"금속검출공정,급속동결공정",2023
454,2021-5-0111,식품,Y,20200491392,(주)하림산업 함열식품1공장,전라북도,익산시,식품제조가공업,냉동식품 중 만두,"X-ray검출공정,오븐공정,증숙공정",2023
455,2020-5-0760,식품,Y,20200491392,(주)하림산업 함열식품1공장,전라북도,익산시,식품제조가공업,빵류,X-ray 검출공정,2023
456,2020-5-0537,식품,Y,20200491392,(주)하림산업 함열식품1공장,전라북도,익산시,식품제조가공업,즉석조리식품,X-ray검출공정,2023
457,2021-5-1084,식품,Y,20200491392,(주)하림산업 함열식품1공장,전라북도,익산시,식품제조가공업,기타수산물가공품,"금속검출공정,오븐공정,튀김(프라잉)공정",2023
458,2021-5-0110,식품,Y,20200491392,(주)하림산업 함열식품1공장,전라북도,익산시,식품제조가공업,식육함유가공품,X-ray검출공정,2023
459,2023-1-0233,식품,Y,20210336578,농업회사법인(주)디딤찬 1공장,경기도,고양시,식품제조가공업,혼합장,"교반공정,금속검출공정",2023
460,2023-1-0234,식품,Y,20210336578,농업회사법인(주)디딤찬 1공장,경기도,고양시,식품제조가공업,소스,"교반공정,금속검출공정",2023
461,2023-1-0557,식품,Y,20150383600,(주)한국인삼공사,강원특별자치도,원주시,식품제조가공업,액상차,"X-ray검출공정,후살균공정",2023
462,2015-3-8013,식품,Y,20040294566,㈜영의정,경기도,부천시,식품제조가공업,떡류,,2023
463,2013-3-8005,식품,Y,20050039320,주식회사 그이름,경기도,성남시,식품제조가공업,들기름,세병공정,2023
464,2013-3-8004,식품,Y,20050039320,주식회사 그이름,경기도,성남시,식품제조가공업,참기름,세병공정,2023
465,2020-6-0987,식품,Y,20190476035,(주)우양 청양2공장(뉴뜨레),충청남도,청양군,식품제조가공업,과채가공품,"금속검출공정,급속동결공정",2023
466,2020-6-0986,식품,Y,20190476035,(주)우양 청양2공장(뉴뜨레),충청남도,청양군,식품제조가공업,당절임,"금속검출공정,급속동결공정",2023
467,2011-6-8111,식품,Y,20040257193,YJFOOD,세종특별자치시,금남면,식품제조가공업,빵류,"굽기(로터리오븐)공정,금속검출공정",2023
468,2013-4-8062,식품,Y,20090556159,㈜굿모닝푸드,경북,상주시,식품제조가공업,국수,"금속검출공정,증숙공정",2023
469,2017-6-8016,식품,Y,20150472063,(주)우양(청양공장),충청남도,청양군,식품제조가공업,비가열음료,금속검출공정,2023
470,2017-6-9356,식품,Y,20150472063,(주)우양(청양공장),충청남도,청양군,식품제조가공업,즉석조리식품,"금속검출공정,급속동결공정,레토르트살균공정",2023
471,2018-6-9529,식품,Y,20150472063,(주)우양(청양공장),충청남도,청양군,식품제조가공업,소스,"금속검출공정,살균공정,살균공정(레토르트)",2023
472,2017-6-8018,식품,Y,20150472063,(주)우양(청양공장),충청남도,청양군,식품제조가공업,기타잼,"금속검출공정,살균공정,열탕살균",2023
473,2017-6-8020,식품,Y,20150472063,(주)우양(청양공장),충청남도,청양군,식품제조가공업,당절임,"금속검출공정,급속동결공정",2023
474,2018-6-9128,식품,Y,20150472063,(주)우양(청양공장),충청남도,청양군,식품제조가공업,빙과,"금속검출공정,살균공정",2023
475,2017-6-9586,식품,Y,20150472063,(주)우양(청양공장),충청남도,청양군,식품제조가공업,간편조리세트,"금속검출공정,급속동결공정",2023
476,2017-6-8021,식품,Y,20150472063,(주)우양(청양공장),충청남도,청양군,식품제조가공업,잼,"금속검출공정,살균공정",2023
477,2018-6-9221,식품,Y,20150472063,(주)우양(청양공장),충청남도,청양군,식품제조가공업,빵류,"금속검출공정,급속동결공정,유탕공정",2023
478,2017-6-8017,식품,Y,20150472063,(주)우양(청양공장),충청남도,청양군,식품제조가공업,기타가공품,"금속검출공정,살균공정,유탕공정",2023
479,2017-6-9293,식품,Y,20150472063,(주)우양(청양공장),충청남도,청양군,식품제조가공업,서류가공품,금속검출공정,2023
480,2017-6-8022,식품,Y,20150472063,(주)우양(청양공장),충청남도,청양군,식품제조가공업,캔디류,"금속검출공정,살균공정,열탕살균공정",2023
481,2017-6-8015,식품,Y,20150472063,(주)우양(청양공장),충청남도,청양군,식품제조가공업,과채가공품,"금속검출공정,급속동결공정,살균공정",2023
482,2020-6-9040,식품,Y,20150472063,(주)우양(청양공장),충청남도,청양군,식품제조가공업,음료베이스,"금속검출공정,살균공정",2023
483,2017-6-9355,식품,Y,20150472063,(주)우양(청양공장),충청남도,청양군,식품제조가공업,땅콩 또는 견과류가공품,금속검출공정,2023
484,2021-6-1260,식품,Y,20150472063,(주)우양(청양공장),충청남도,청양군,식품제조가공업,과채음료,"금속검출공정,살균공정",2023
485,2018-6-9220,식품,Y,20150472063,(주)우양(청양공장),충청남도,청양군,식품제조가공업,레토르트식품,"금속검출공정,레토르트살균공정",2023
486,2023-4-0373,식품,Y,20230249572,원프레시,대구광역시,달성군,식품제조가공업,즉석조리식품,금속검출공정,2023
487,2013-5-8169,식품,Y,20090529039,㈜청해진수산,전남,완도군,식품제조가공업,조미김,"2차구이공정,금속검출공정",2023
488,2012-5-8065,식품,Y,20020492106,주식회사 한국음료,전북,남원시,식품제조가공업,과채음료,"살균공정,여과공정",2023
489,2017-5-9096,식품,Y,20020492106,주식회사 한국음료,전북,남원시,식품제조가공업,탄산수,"여과공정,탄산주입공정",2023
490,2012-5-8068,식품,Y,20020492106,주식회사 한국음료,전북,남원시,식품제조가공업,혼합음료,"살균공정,여과공정",2023
491,2012-5-8064,식품,Y,20020492106,주식회사 한국음료,전북,남원시,식품제조가공업,과채주스,"살균공정,여과공정",2023
492,2017-5-9095,식품,Y,20020492106,주식회사 한국음료,전북,남원시,식품제조가공업,탄산음료,"여과공정,탄산주입공정",2023
493,2021-4-0140,식품,Y,20200176147,함께가는여인들,대구광역시,수성구,식품제조가공업,혼합음료,금속검출공정,2023
494,2010-4-8027,식품,Y,19860560029,해태제과식품(주),충청남도,아산시,식품제조가공업,과자,"금속검출공정,살균(오븐)공정,잼 가열(배합)공정",2023
495,2010-4-8028,식품,Y,19860560029,해태제과식품(주),충청남도,아산시,식품제조가공업,초콜릿가공품,"금속검출공정,살균(오븐)공정",2023
496,2011-6-8073,식품,Y,19940449005,해태제과식품㈜천안2공장,충청남도,천안시,식품제조가공업,밀크초콜릿,"금속검출공정,초콜릿용해공정,초콜릿콘칭공정",2023
497,2014-6-8347,식품,Y,19940449005,해태제과식품㈜천안2공장,충청남도,천안시,식품제조가공업,과자,"X-ray검출공정,굽기(소성)공정,금속검출공정",2023
498,2011-6-8075,식품,Y,19940449005,해태제과식품㈜천안2공장,충청남도,천안시,식품제조가공업,초콜릿가공품,"금속검출공정[오븐공정, X-ray선별공정(스틱과자에 한함)],초콜릿용해공정,초콜릿콘칭공정,카라멜농축공정,프랄린제조공정,후레이크보관공정",2023
499,2011-6-8072,식품,Y,19940449005,해태제과식품㈜천안2공장,충청남도,천안시,식품제조가공업,초콜릿,"금속검출공정,초콜릿용해공정,초콜릿콘칭공정",2023
500,2011-6-8074,식품,Y,19940449005,해태제과식품㈜천안2공장,충청남도,천안시,식품제조가공업,준초콜릿,"금속검출공정,초콜릿용해공정,초콜릿콘칭공정",2023
501,2019-5-9281,식품,Y,20160509371,순천고들빼기영농조합법인,전라남도,순천시,식품제조가공업,절임식품,금속검출공정,2023
502,2019-5-9280,식품,Y,20160509371,순천고들빼기영농조합법인,전라남도,순천시,식품제조가공업,김치(배추김치),금속검출공정,2023
503,2019-5-9279,식품,Y,20160509371,순천고들빼기영농조합법인,전라남도,순천시,식품제조가공업,김치(기타김치),금속검출공정,2023
504,2023-3-0650,식품,Y,20140368056,농업회사법인(주)대경햄,경기도,여주시,식품제조가공업,두류가공품,가열공정,2023
505,2019-2-9247,식품,Y,20190593018,진주식품,경상남도,진주시,식품제조가공업,건어포,금속검출공정,2023
506,2019-2-9248,식품,Y,20190593018,진주식품,경상남도,진주시,식품제조가공업,땅콩 또는 견과류가공품,금속검출공정,2023
507,2019-2-9249,식품,Y,20190593018,진주식품,경상남도,진주시,식품제조가공업,조미건어포,금속검출공정,2023
508,2021-2-0337,식품,Y,20060601486,진양푸드,경상남도,진주시,식품제조가공업,당절임,"가열,금속검출",2023
509,2023-5-0382,식품,Y,20230700119,주식회사 한길,전라북도,김제시,식품제조가공업,들기름,"볶음공정,세병공정,여과공정",2023
510,2023-5-0381,식품,Y,20230700119,주식회사 한길,전라북도,김제시,식품제조가공업,참기름,"볶음공정,세병공정,여과공정",2023
511,2016-6-8218,식품,Y,20160445146,한국델몬트후레쉬프로듀스㈜음성지점,충북,음성군,식품제조가공업,신선편의식품,"금속검출공정,소독 및 세척공정",2023
512,2021-2-0336,식품,Y,20080601615,(주)짜르푸드,경상남도,진주시,식품제조가공업,빵류,냉동보관,2023
513,2023-4-0343,식품,Y,20210559218,농업회사법인 주식회사 데이웰즈,경상북도,영천시,식품제조가공업,레토르트식품,금속검출공정,2023
514,2021-1-0359,식품,Y,20200401439,(주)서울에프엔비 기업도시점,강원특별자치도,원주시,식품제조가공업,기타가공품,살균공정,2023
515,2021-1-0491,식품,Y,20200401439,(주)서울에프엔비 기업도시점,강원특별자치도,원주시,식품제조가공업,액상차,살균공정,2023
516,2020-1-9036,식품,Y,20200401439,(주)서울에프엔비 기업도시점,강원특별자치도,원주시,식품제조가공업,일반 환자용 균형영양조제식품,살균공정,2023
517,2021-1-0266,식품,Y,20200401439,(주)서울에프엔비 기업도시점,강원특별자치도,원주시,식품제조가공업,과채주스,살균공정,2023
518,2020-1-9035,식품,Y,20200401439,(주)서울에프엔비 기업도시점,강원특별자치도,원주시,식품제조가공업,당뇨환자용 영양조제식품,살균공정,2023
519,2019-6-9399,식품,Y,20050415020,㈜시아스,충청북도,청주시,식품제조가공업,기타장류,살균공정,2023
520,2016-6-8217,식품,Y,20050415020,㈜시아스,충청북도,청주시,식품제조가공업,음료베이스,살균공정,2023
521,2016-6-8267,식품,Y,20050415020,㈜시아스,충청북도,청주시,식품제조가공업,당류가공품,살균공정,2023
522,2016-6-8346,식품,Y,20050415020,㈜시아스,충청북도,청주시,식품제조가공업,토마토케첩,살균공정,2023
523,2019-6-9398,식품,Y,20050415020,㈜시아스,충청북도,청주시,식품제조가공업,혼합장,살균공정,2023
524,2022-5-0746,식품,Y,20020503571,롯데쇼핑(주)롯데마트맥스목포점,전라남도,목포시,기타식품판매업,기타식품판매업,"저장공정,진열공정",2023
525,2017-6-9547,식품,Y,20170415128,청주시농업기술센터,충청북도,청주시,식품제조가공업,과채주스,여과공정,2023
526,2023-4-0231,식품,Y,20210559218,농업회사법인 주식회사 데이웰즈,경상북도,영천시,식품제조가공업,인삼홍삼음료,금속검출공정,2023
527,2022-4-0038,식품,Y,20210559218,농업회사법인 주식회사 데이웰즈,경상북도,영천시,식품제조가공업,간편조리세트,금속검출공정,2023
528,2022-4-0039,식품,Y,20210559218,농업회사법인 주식회사 데이웰즈,경상북도,영천시,식품제조가공업,즉석조리식품,금속검출공정,2023
529,2023-4-0211,식품,Y,20210537120,이스턴씨,경상북도,포항시,식품제조가공업,기타수산물가공품,,2023
530,2023-4-0331,식품,Y,20210537120,이스턴씨,경상북도,포항시,식품제조가공업,기타수산물가공품 중 냉동어류,세척공정,2023
531,2022-5-0736,식품,Y,20080481573,롯데쇼핑(주)롯데마트맥스송천점,전라북도,전주시,기타식품판매업,기타식품판매업,"저장공정,진열공정",2023
532,2017-1-9301,식품,Y,19760015001,서울탁주구로연합제조장,서울특별시,금천구,식품제조가공업(주류제조),탁주,"병세척공정,이물제거공정",2023
533,2023-1-0469,식품,Y,20160355813,펠리시타로스터리(주),경기도,파주시,식품제조가공업,커피,,2023
534,2021-2-0394,식품,Y,20110134339,(주)파나,경상남도,양산시,식품제조가공업,소스,"가열공정,금속검출공정,소독공정",2023
535,2023-5-0608,식품,Y,20180622215,(재)제주테크노파크용암해수센터,제주특별자치도,제주시,식품제조가공업,캔디류,"살균공정,여과공정",2023
536,2023-5-0028,식품,Y,20180622215,(재)제주테크노파크용암해수센터,제주특별자치도,제주시,식품제조가공업,기타발효음료,"살균공정,여과공정",2023
537,2021-4-0308,식품,Y,19670538004,배반유과,경상북도,경주시,식품제조가공업,과자,"가열(팽화)공정,금속검출공정",2023
538,2017-6-9444,식품,Y,19960470037,(주)한국인삼공사,충청남도,부여군,식품제조가공업,기타가공품,"X-ray검출공정,농축공정,수분활성도측정공정,여과공정,용기세척공정,증류공정",2023
539,2014-1-8185,식품,Y,20030380218,주식회사 피피이씨춘천-얼음지점,강원,춘천시,식품제조가공업,식용얼음,"2차수처리(자외선살균)공정,금속검출공정",2023
540,2022-1-0331,식품,Y,20210335278,농업회사법인 주식회사 하나푸드,경기도,고양시,식품제조가공업,과채가공품,"금속검출 공정,세척공정",2023
541,2023-4-0212,식품,Y,20210537120,이스턴씨,경상북도,포항시,식품제조가공업,기타수산물가공품 중 냉동연체류,세척공정,2023
542,2023-4-0210,식품,Y,20210537120,이스턴씨,경상북도,포항시,식품제조가공업,절임식품,세척공정,2023
543,2017-4-9167,식품,Y,20170533121,양포어장,경상북도,포항시,식품제조가공업,기타수산물가공품 중 냉동어류,,2023
544,2017-4-9168,식품,Y,20170533121,양포어장,경상북도,포항시,식품제조가공업,기타수산물가공품 중 냉동연체류,,2023
545,2017-4-9135,식품,Y,20170533102,보성수산(천수과메기),경상북도,포항시,식품제조가공업,기타수산물가공품 중 냉동어류,"금속검출공정,세척공정",2023
546,2017-4-9136,식품,Y,20170533102,보성수산(천수과메기),경상북도,포항시,식품제조가공업,기타수산물가공품 중 냉동연체류,"금속검출공정,세척공정,자숙공정",2023
547,2022-5-0538,식품,Y,20000216571,롯데마트 맥스 상무점,광주광역시,서구,기타식품판매업,기타식품판매업,"저장공정,진열공정",2023
548,2013-2-8127,식품,Y,20100144106,㈜경맥,부산,사하구,식품제조가공업,기타수산물가공품 중 냉동어류,,2023
549,2021-2-0701,식품,Y,20110144175,바애드(주),부산광역시,사하구,식품제조가공업,기타수산물가공품 중 냉동조미가공품,"금속검출공정,급속동결공정,소독헹굼공정",2023
550,2018-5-9005,식품,Y,20090487167,깊은숲속행복한식품,전라북도,익산시,식품제조가공업,즉석조리식품,,2023
551,2018-5-9002,식품,Y,20090487167,깊은숲속행복한식품,전라북도,익산시,식품제조가공업,과자,,2023
552,2023-5-0529,식품,Y,20090487167,깊은숲속행복한식품,전라북도,익산시,식품제조가공업,곡류가공품,"가열공정,금속검출공정",2023
553,2011-6-8104,식품,Y,19980449002,해태에이치티비 주식회사,충청남도,천안시,식품제조가공업,과채음료,"X-ray검출공정,금속검출공정,액멸균(살균)공정,여과공정,열처리공정,용기세척공정(아셉틱제품에 한함),용기세척공정(캔,병제품에 한함),포장재멸균공정",2023
554,2018-6-9352,식품,Y,19980449002,해태에이치티비 주식회사,충청남도,천안시,식품제조가공업,커피,"액멸균(살균)공정,여과공정,용기세척공정(아셉틱제품에 한함),포장재멸균공정",2023
555,2017-6-9320,식품,Y,19980449002,해태에이치티비 주식회사,충청남도,천안시,식품제조가공업,당시럽류,"여과공정,자외선살균공정",2023
556,2011-6-8107,식품,Y,19980449002,해태에이치티비 주식회사,충청남도,천안시,식품제조가공업,인삼홍삼음료,"여과공정,열처리공정,용기세척공정(캔.병제품에 한함)",2023
557,2011-6-8106,식품,Y,19980449002,해태에이치티비 주식회사,충청남도,천안시,식품제조가공업,혼합음료,"금속검출공정,액멸균(살균)공정,여과공정,열처리공정,용기세척공정(아셉틱제품에 한함),용기세척공정(캔.병제품에 한함),포장재멸균공정",2023
558,2011-6-8108,식품,Y,19980449002,해태에이치티비 주식회사,충청남도,천안시,식품제조가공업,유산균음료,"여과공정,열처리공정,용기세척공정(캔.병제품에 한함)",2023
559,2011-6-8109,식품,Y,19980449002,해태에이치티비 주식회사,충청남도,천안시,식품제조가공업,액상차,"액멸균(살균)공정,여과공정,열처리공정,용기세척공정,용기세척공정(아셉틱제품에 한함),포장재멸균공정",2023
560,2017-6-9525,식품,Y,19980449002,해태에이치티비 주식회사,충청남도,천안시,식품제조가공업,기타영유아식,"액멸균(살균)공정,여과공정,용기세척공정(아셉틱제품에 한함),포장재멸균공정",2023
561,2011-6-8105,식품,Y,19980449002,해태에이치티비 주식회사,충청남도,천안시,식품제조가공업,탄산음료,"여과공정,탄산주입공정(터널살균하지 않는 제품),터널살균공정(터널살균하는 제품)",2023
562,2011-6-8103,식품,Y,19980449002,해태에이치티비 주식회사,충청남도,천안시,식품제조가공업,과채주스,"여과공정,열처리공정,용기세척공정(캔.병제품에 한함)",2023
563,2016-6-8242,식품,Y,19980449002,해태에이치티비 주식회사,충청남도,천안시,식품제조가공업,성장기용 조제식,"액멸균(살균)공정,여과공정,용기세척공정(아셉틱제품에 한함),포장재멸균공정",2023
564,2020-3-0280,식품,Y,20190280327,(주)현대그린푸드 스마트푸드센터,경기도,성남시,식품제조가공업,기타수산물가공품 중 냉동조미가공품,금속검출공정,2023
565,2023-3-0765,식품,Y,20190280327,(주)현대그린푸드 스마트푸드센터,경기도,성남시,식품제조가공업,고혈압환자용 식단형 식품,X-ray검출공정,2023
566,2020-3-9049,식품,Y,20190280327,(주)현대그린푸드 스마트푸드센터,경기도,성남시,식품제조가공업,신장질환자용 식단형 식품,X-ray검출공정,2023
567,2015-5-8101,식품,Y,20130518061,농업회사법인㈜농부누리,전남,고흥군,식품제조가공업,초콜릿가공품,금속검출공정,2023
568,2020-1-9035,식품,Y,20200401439,(주)서울에프엔비 기업도시점,강원특별자치도,원주시,식품제조가공업,당뇨환자용 영양조제식품,살균공정,2023
569,2020-1-9036,식품,Y,20200401439,(주)서울에프엔비 기업도시점,강원특별자치도,원주시,식품제조가공업,일반 환자용 균형영양조제식품,살균공정,2023
570,2020-1-0530,식품,Y,20200401439,(주)서울에프엔비 기업도시점,강원특별자치도,원주시,식품제조가공업,혼합음료,살균공정,2023
571,2020-1-0528,식품,Y,20200401439,(주)서울에프엔비 기업도시점,강원특별자치도,원주시,식품제조가공업,과채음료,살균공정,2023
572,2020-1-0527,식품,Y,20200401439,(주)서울에프엔비 기업도시점,강원특별자치도,원주시,식품제조가공업,커피,살균공정,2023
573,2020-1-0529,식품,Y,20200401439,(주)서울에프엔비 기업도시점,강원특별자치도,원주시,식품제조가공업,가공두유,살균공정,2023
574,2016-2-8021,식품,Y,20150617191,㈜씨엔에프(키원글로벌),경상남도,함안군,식품제조가공업,조림류,금속검출공정,2023
575,2016-2-8050,식품,Y,20150617191,㈜씨엔에프(키원글로벌),경상남도,함안군,식품제조가공업,양념젓갈,금속검출공정,2023
576,2016-2-8020,식품,Y,20150617191,㈜씨엔에프(키원글로벌),경상남도,함안군,식품제조가공업,절임식품,금속검출공정,2023
577,2017-2-9165,식품,Y,20030247032,㈜한주,울산광역시,남구,식품제조가공업,정제소금,건조공정,2023
578,2012-2-8043,식품,Y,20050623056,화신영농조합법인,경상남도,함양군,식품제조가공업,즉석조리식품,금속검출공정,2023
579,2019-2-9032,식품,Y,20180618067,주식회사 구포국수,경상남도,합천군,식품제조가공업,국수,건조공정,2023
580,2018-3-9158,식품,Y,19750208003,㈜삼양사,인천광역시,서구,식품제조가공업,곡류가공품,건조공정,2023
581,2019-3-9361,식품,Y,20090275163,㈜씨지에스에프앤비,경기도,성남시,식품제조가공업,빵류,"금속검출공정,시트가열공정,크레페가열공정",2023
582,2017-5-9314,식품,Y,20130019015,㈜창해에탄올,전라북도,전주시,식품제조가공업(주류제조),주정,증류공정,2023
583,2018-5-9278,식품,Y,20130105860,(주)쿠엔즈버킷,전라북도,익산시,식품제조가공업,들기름,"건조공정,볶음공정",2023
584,2020-5-0755,식품,Y,20130105860,(주)쿠엔즈버킷,전라북도,익산시,식품제조가공업,기타농산가공품,"건조공정,금속검출공정,볶음공정",2023
585,2018-5-9279,식품,Y,20130105860,(주)쿠엔즈버킷,전라북도,익산시,식품제조가공업,참기름,"건조공정,볶음공정",2023
586,2018-5-9053,식품,Y,20170487625,㈜핀컴퍼니,전라북도,익산시,식품제조가공업,빵류,,2023
587,2021-3-0787,식품,Y,20170362356,(주)가림씨푸드,인천광역시,서구,식품제조가공업,기타수산물가공품 중 냉동어류,"금속검출,세척공정",2023
588,2018-3-9089,식품,Y,19780190012,대한제당㈜,인천광역시,중구,식품제조가공업,기타설탕,결정공정,2023
589,2018-3-9088,식품,Y,19780190012,대한제당㈜,인천광역시,중구,식품제조가공업,설탕,결정공정,2023
590,2017-6-9485,식품,Y,19790257001,남양유업주식회사 세종공장,세종특별자치시,장군면,식품제조가공업,영아용 조제식,"Hipex살균공정,infusion살균공정,공관세척공정,권체/sealing공정,자석통과공정",2023
591,2005-6-8003,식품,Y,19790257001,남양유업주식회사 세종공장,세종특별자치시,장군면,식품제조가공업,성장기용 조제식,"Hipex살균공정,Infusion살균공정,공관세척공정,권체/Sealing공정,자석통과공정",2023
592,2019-3-9150,식품,Y,20110362633,㈜내추럴푸드텍,경기도,김포시,식품제조가공업,과자,"가열(퍼핑)공정,금속검출공정",2023
593,2020-5-0840,식품,Y,20190494491,농업회사법인 태인명장 주식회사,전라북도,정읍시,식품제조가공업,청국장,"가열공정,금속검출공정",2023
594,2019-3-9461,식품,Y,20120347120,동산떡집,경기도,용인시,식품제조가공업,떡류,금속검출공정,2023
595,2019-3-9176,식품,Y,20190363040,농업회사법인 마음이가㈜,경기도,용인시,식품제조가공업,떡류,금속검출공정,2023
596,2018-3-9159,식품,Y,20110311336,씨제이제일제당㈜,경기도,안산시,식품제조가공업,곡류가공품,건조공정,2023
597,2016-3-8430,식품,Y,20110311336,씨제이제일제당㈜,경기도,안산시,식품제조가공업,전분,건조공정,2023
598,2013-5-8221,식품,Y,19980518132,에덴식품 영농조합법인,전라남도,고흥군,식품제조가공업,과채음료,여과공정,2023
599,2017-3-9111,식품,Y,20040306418,에스피엘주식회사,경기도,평택시,식품제조가공업,커피,"X-ray검출공정,로스팅",2023
600,2017-5-9284,식품,Y,20130518053,영농조합법인 엔자임팜,전라남도,고흥군,식품제조가공업,물엿,금속검출공정,2023
601,2017-5-9285,식품,Y,20130518053,영농조합법인 엔자임팜,전라남도,고흥군,식품제조가공업,기타잼,금속검출공정,2023
602,2018-1-9288,식품,Y,20140076439,㈜오페라베이커리,서울특별시,강서구,식품제조가공업,빵류,금속검출공정,2023
603,2018-1-9289,식품,Y,20140076439,㈜오페라베이커리,서울특별시,강서구,식품제조가공업,과자,금속검출공정,2023
604,2002-6-8006,식품,Y,19930445049,비알코리아(주),충청북도,음성군,식품제조가공업,빙과,"금속검출공정,살균공정",2023
605,2012-6-8004,식품,Y,19930443009,삼진식품㈜,충북,진천군,식품제조가공업,묵류,"금속검출공정,혼합/성형공정",2023
606,2014-5-8163,식품,Y,20060487596,농업회사법인 주식회사 세인식품,전라북도,익산시,식품제조가공업,절임식품,"금속검출공정,충진공정",2023
607,2014-3-8288,식품,Y,19870190051,씨제이제일제당㈜,인천광역시,중구,식품제조가공업,기타수산물가공품,금속검출공정,2023
608,1999-3-8006,식품,Y,19870190051,씨제이제일제당㈜,인천광역시,중구,식품제조가공업,기타가공품,금속검출공정,2023
609,1999-3-8004,식품,Y,19870190051,씨제이제일제당㈜,인천광역시,중구,식품제조가공업,냉동식품 중 만두,금속검출공정,2023
610,2021-3-1608,식품,Y,19790190025,씨제이제일제당(주),인천광역시,중구,식품제조가공업,두류가공품,"X-ray검출공정,건조공정,금속검출공정",2023
611,2016-3-8462,식품,Y,19730190015,씨제이제일제당(주),인천광역시,중구,식품제조가공업,올리고당,"HTST공정,HTST공정,농축공정",2023
612,2016-3-8263,식품,Y,19730190015,씨제이제일제당(주),인천광역시,중구,식품제조가공업,당류가공품,"HTST공정,전화공정",2023
613,2016-3-8262,식품,Y,19730190015,씨제이제일제당(주),인천광역시,중구,식품제조가공업,기타엿,HTST공정,2023
614,2016-3-8261,식품,Y,19730190015,씨제이제일제당(주),인천광역시,중구,식품제조가공업,올리고당가공품,HTST공정,2023
615,2016-3-8079,식품,Y,20110311336,씨제이제일제당㈜,경기도,안산시,식품제조가공업,기타과당,연속농축공정,2023
616,2016-3-8076,식품,Y,20110311336,씨제이제일제당㈜,경기도,안산시,식품제조가공업,과당,"X-ray검출공정,연속농축공정",2023
617,2016-3-8078,식품,Y,20110311336,씨제이제일제당㈜,경기도,안산시,식품제조가공업,물엿,"뱃지농축공정,연속농축공정",2023
618,2016-3-8080,식품,Y,20110311336,씨제이제일제당㈜,경기도,안산시,식품제조가공업,올리고당,뱃지농축공정,2023
619,2016-3-8430,식품,Y,20110311336,씨제이제일제당㈜,경기도,안산시,식품제조가공업,전분,금속검출공정,2023
620,2013-2-8188,식품,Y,19680247002,㈜삼양사울산1공장,울산광역시,남구,식품제조가공업,당류가공품,여과공정(FL Filter),2023
621,2021-6-0149,식품,Y,20170415080,주식회사 에스피씨삼립 청주공장,충청북도,청주시,식품제조가공업,두류가공품,살균공정,2023
622,2018-6-9574,식품,Y,20170415080,주식회사 에스피씨삼립 청주공장,충청북도,청주시,식품제조가공업,당류가공품,살균공정,2023
623,2018-6-9134,식품,Y,20170415080,주식회사 에스피씨삼립 청주공장,충청북도,청주시,식품제조가공업,과채가공품,살균공정,2023
624,2018-6-9311,식품,Y,20170415080,주식회사 에스피씨삼립 청주공장,충청북도,청주시,식품제조가공업,토마토케첩,살균공정,2023
625,2018-6-9575,식품,Y,20170415080,주식회사 에스피씨삼립 청주공장,충청북도,청주시,식품제조가공업,소스,살균공정,2023
626,2018-6-9136,식품,Y,20170415080,주식회사 에스피씨삼립 청주공장,충청북도,청주시,식품제조가공업,음료베이스,살균공정,2023
627,2020-2-0370,식품,Y,20040144305,주식회사 에이앤제우스,부산광역시,사하구,식품제조가공업,과자,"가열(유탕, 코팅액)공정,금속검출공정",2023
628,2020-3-0684,식품,Y,20130017099,주식회사 화요,경기도,여주시,식품제조가공업(주류제조),탁주,"3단담금공정,세병공정,여과공정",2023
629,2020-3-0685,식품,Y,20130017099,주식회사 화요,경기도,여주시,식품제조가공업(주류제조),소주,"세병공정,여과공정,증류공정",2023
630,2021-4-0042,식품,Y,20200542118,총본산경주빵 본점,경상북도,경주시,식품제조가공업,과자,"가열(굽기)공정,금속검출공정",2023
631,2021-4-0043,식품,Y,20200542118,총본산경주빵 본점,경상북도,경주시,식품제조가공업,빵류,"가열(굽기)공정,금속검출공정",2023
632,2017-4-9188,식품,Y,20130018179,풍국주정공업㈜,대구광역시,달서구,식품제조가공업(주류제조),주정,"여과공정,증류공정",2023
633,2020-5-0616,식품,Y,20170487094,한국식품산업클러스터진흥원 파일럿플랜트,전라북도,익산시,식품제조가공업,기타농산가공품,분무건조,2023
634,2017-2-9217,식품,Y,20130016170,한국알콜산업(주),울산광역시,남구,식품제조가공업(주류제조),주정,"여과공정,정제공정",2023
635,2020-4-0523,식품,Y,20000570094,농업회사법인(주)흥신식품,경상북도,칠곡군,식품제조가공업,건면,"건조공정,금속검출공정",2023
636,2014-1-8144,식품,Y,19730332008,㈜빙그레(남양주),경기도,남양주시,식품제조가공업,유산균음료,"살균공정,여과공정",2023
637,2014-2-8037,식품,Y,19940607340,농업회사법인(주)대광에프앤지,경남,김해시,식품제조가공업,김칫속,"금속검출공정,부재료세척공정",2023
638,2014-2-8038,식품,Y,19940607340,농업회사법인(주)대광에프앤지,경남,김해시,식품제조가공업,절임식품,"금속검출공정,원재료세척공정",2023
639,2014-2-8036,식품,Y,19940607340,농업회사법인(주)대광에프앤지,경남,김해시,식품제조가공업,김치(기타김치),"금속검출공정,부재료세척공정,원재료세척공정",2023
640,2014-2-8035,식품,Y,19940607340,농업회사법인(주)대광에프앤지,경남,김해시,식품제조가공업,김치(배추김치),"금속검출공정,부재료세척공정,여과공정,원재료세척공정",2023
641,2013-2-8128,식품,Y,20100144106,㈜경맥,부산,사하구,식품제조가공업,기타수산물가공품 중 냉동연체류,"금속검출공정,세척공정",2023
642,2021-6-0087,식품,Y,20140441013,(주)아오스,충청북도,영동군,식품제조가공업,과채가공품,"X-ray검출공정,건조공정",2023
643,2021-6-0084,식품,Y,20140441013,(주)아오스,충청북도,영동군,식품제조가공업,커피,"X-ray검출공정,건조공정",2023
644,2021-6-0088,식품,Y,20140441013,(주)아오스,충청북도,영동군,식품제조가공업,기타가공품,"X-ray검출공정,건조공정,살균공정,여과공정",2023
645,2021-6-0083,식품,Y,20140441013,(주)아오스,충청북도,영동군,식품제조가공업,액상차,"살균공정,여과공정",2023
646,2021-6-0086,식품,Y,20140441013,(주)아오스,충청북도,영동군,식품제조가공업,음료베이스,"X-ray검출공정,건조공정",2023
647,2021-6-0400,식품,Y,20140441013,(주)아오스,충청북도,영동군,식품제조가공업,효모식품,"X-ray검출공정,건조공정",2023
648,2021-6-0082,식품,Y,20140441013,(주)아오스,충청북도,영동군,식품제조가공업,캔디류,"X-ray검출공정,건조공정",2023
649,2021-6-0085,식품,Y,20140441013,(주)아오스,충청북도,영동군,식품제조가공업,과채음료,"살균공정,여과공정",2023
650,2018-3-9143,식품,Y,20040311058,동일에프엔지㈜,경기도,안산시,식품제조가공업,곡류가공품,건조공정,2023
651,2017-3-9555,식품,Y,19760263004,㈜동원F&B 수원공장,경기도,수원시,식품제조가공업,커피,"입고검사공정,입고검사공정",2023
652,2010-6-8011,식품,Y,20080242250,해태제과식품㈜,대전광역시,대덕구,식품제조가공업,초콜릿가공품,"금속검출공정,소성공정,크림살균공정",2023
653,2019-2-9056,식품,Y,20020589249,남경식품(참그린김치),경상남도,창원시,식품제조가공업,김치(기타김치),금속검출공정,2023
654,2011-2-8061,식품,Y,20020589249,남경식품(참그린김치),경상남도,창원시,식품제조가공업,김치(배추김치),금속검출공정,2023
655,2021-2-0270,식품,Y,20110144175,바애드(주),부산광역시,사하구,식품제조가공업,기타수산물가공품 중 냉동어류,"금속검출공정,급속동결공정",2023
656,2021-2-0269,식품,Y,20110144175,바애드(주),부산광역시,사하구,식품제조가공업,기타수산물가공품,"금속검출공정,소독헹굼공정",2023
657,2021-1-0290,식품,Y,20200336740,(주)밀라노푸드시스템,경기도,고양시,식품제조가공업,즉석조리식품,금속검출공정,2023
658,2020-1-0908,식품,Y,20200336740,(주)밀라노푸드시스템,경기도,고양시,식품제조가공업,기타수산물가공품 중 냉동조미가공품,"금속검출공정,세척공정",2023
659,2021-1-0593,식품,Y,20200336740,(주)밀라노푸드시스템,경기도,고양시,식품제조가공업,조미건어포,금속검출공정,2023
660,2021-3-1385,식품,Y,20110275233,주식회사 피엔에스,경기도,성남시,식품제조가공업,침출차,"가열(로스팅)공정,금속검출공정",2023
661,2016-3-8443,식품,Y,20110275233,주식회사 피엔에스,경기도,성남시,식품제조가공업,커피,"가열(로스팅)공정,금속검출공정",2023
662,2020-5-0538,식품,Y,20190491669,한국식품산업클러스터진흥원,전라북도,익산시,식품제조가공업,인삼홍삼음료,교반/살균공정,2023
663,2015-5-8233,식품,Y,19860506002,(주)아라움,전라남도,여수시,식품제조가공업,식육함유가공품,금속검출공정,2023
664,2015-5-8232,식품,Y,19860506002,(주)아라움,전라남도,여수시,식품제조가공업,기타수산물가공품,금속검출공정,2023
665,2015-5-8234,식품,Y,19860506002,(주)아라움,전라남도,여수시,식품제조가공업,기타어육가공품,금속검출공정,2023
666,2015-3-8420,식품,Y,20080294209,㈜자인,경기도,부천시,식품제조가공업,과자,"건조(고팅제품)공정,건조(코팅제품)공정,금속검출공정,금속검출공정,퍼핑공정,퍼핑공정",2023
667,2018-2-9193,식품,Y,20180581354,㈜나눔푸드,경상남도,창원시,식품제조가공업,절임식품,금속검출공정,2023
668,2018-2-9194,식품,Y,20180581354,㈜나눔푸드,경상남도,창원시,식품제조가공업,조림류,금속검출공정,2023
669,2012-6-8175,식품,Y,20110445292,(주)흥국에프엔비,충청북도,음성군,식품제조가공업,음료베이스,초고압처리공정,2023
670,2012-6-8172,식품,Y,20110445292,(주)흥국에프엔비,충청북도,음성군,식품제조가공업,과채음료,초고압처리공정,2023
671,2016-6-8361,식품,Y,20110445292,(주)흥국에프엔비,충청북도,음성군,식품제조가공업,소스,초고압처리공정,2023
672,2016-6-8360,식품,Y,20110445292,(주)흥국에프엔비,충청북도,음성군,식품제조가공업,당류가공품,초고압처리공정,2023
673,2017-6-9497,식품,Y,20110445292,(주)흥국에프엔비,충청북도,음성군,식품제조가공업,혼합음료,초고압처리공정,2023
674,2012-6-8173,식품,Y,20110445292,(주)흥국에프엔비,충청북도,음성군,식품제조가공업,과채주스,초고압처리공정,2023
675,2012-6-8204,식품,Y,20110445292,(주)흥국에프엔비,충청북도,음성군,식품제조가공업,비가열음료,초고압처리공정,2023
676,2017-6-9494,식품,Y,20110445292,(주)흥국에프엔비,충청북도,음성군,식품제조가공업,알함유가공품,초고압처리공정,2023
677,2017-6-9397,식품,Y,20110445292,(주)흥국에프엔비,충청북도,음성군,식품제조가공업,서류가공품,초고압처리공정,2023
678,2017-6-9398,식품,Y,20110445292,(주)흥국에프엔비,충청북도,음성군,식품제조가공업,액상차,초고압처리공정,2023
679,2014-6-8238,식품,Y,20110445292,(주)흥국에프엔비,충청북도,음성군,식품제조가공업,기타잼,초고압처리공정,2023
680,2017-6-9492,식품,Y,20110445292,(주)흥국에프엔비,충청북도,음성군,식품제조가공업,기타가공품,초고압처리공정,2023
681,2014-6-8237,식품,Y,20110445292,(주)흥국에프엔비,충청북도,음성군,식품제조가공업,커피,초고압처리공정,2023
682,2012-6-8174,식품,Y,20110445292,(주)흥국에프엔비,충청북도,음성군,식품제조가공업,과채가공품,초고압처리공정,2023
683,2017-6-9493,식품,Y,20110445292,(주)흥국에프엔비,충청북도,음성군,식품제조가공업,빵류,초고압처리공정,2023
684,2018-5-9279,식품,Y,20130105860,(주)쿠엔즈버킷,전라북도,익산시,식품제조가공업,참기름,"세병공정,여과공정",2023
685,2018-5-9278,식품,Y,20130105860,(주)쿠엔즈버킷,전라북도,익산시,식품제조가공업,들기름,"세병공정,여과공정",2023
686,2017-5-9314,식품,Y,20130019015,㈜창해에탄올,전라북도,전주시,식품제조가공업(주류제조),주정,여과공정,2023
687,2020-5-0520,식품,Y,20200500027,풀무원다논 주식회사,전라북도,무주군,식품제조가공업,유산균음료,살균공정,2023
688,2017-2-9280,식품,Y,20050623005,허브앤티,경상남도,함양군,식품제조가공업,침출차,"UV살균공정,금속검출공정",2023
689,2023-6-0318,식품,Y,20180456011,대상웰라이프주식회사천안공장,충청남도,천안시,식품제조가공업,장질환자용 단백가수분해 영양조제식품,"X-ray검출공정,살균(UHT)공정,여과공정,팩살균공정",2023
690,2020-3-0928,식품,Y,20200324065,(주)이디야 드림팩토리,경기도,평택시,식품제조가공업,커피,,2023
691,2020-3-1232,식품,Y,20200324065,(주)이디야 드림팩토리,경기도,평택시,식품제조가공업,음료베이스,,2023
692,2020-3-1231,식품,Y,20200324065,(주)이디야 드림팩토리,경기도,평택시,식품제조가공업,당류가공품,,2023
693,2020-3-0927,식품,Y,20200324065,(주)이디야 드림팩토리,경기도,평택시,식품제조가공업,고형차,,2023
694,2020-3-0926,식품,Y,20200324065,(주)이디야 드림팩토리,경기도,평택시,식품제조가공업,기타 코코아가공품,,2023
695,2023-2-0177,식품,Y,20020589249,남경식품(참그린김치),경상남도,창원시,식품제조가공업,절임식품,금속검출공정,2023
696,2021-6-1280,식품,Y,20190473161,(주)휴온스푸디언스금산3공장,충청남도,금산군,식품제조가공업,기타가공품,"가열(살균)공정,여과공정",2023
697,2016-4-8056,식품,Y,20040549096,주식회사청우식품,경상북도,구미시,식품제조가공업,소스,"금속검출공정(고형물제품에 한함),살균공정,여과공정(고형물제품 제외)",2023
698,2015-1-8194,식품,Y,20150002152,(주)한국인삼공사,강원특별자치도,원주시,건강기능식품전문제조업,건강기능식품전문제조업(홍삼),"농축공정(홍삼점),여과공정(홍삼정)",2023
699,2017-1-9281,식품,Y,20150383600,(주)한국인삼공사,강원특별자치도,원주시,식품제조가공업,기타가공품,"살균공정,여과공정",2023
700,2022-2-0436,식품,Y,20100592617,롯데쇼핑(주)롯데마트맥스창원중앙점,경상남도,창원시,기타식품판매업,기타식품판매업,"저장공정,진열공정",2023
701,2019-3-9176,식품,Y,20190363040,농업회사법인 마음이가㈜,경기도,용인시,식품제조가공업,떡류,증자(가열)공정,2023
702,2019-3-9103,식품,Y,20020336425,㈜신세계푸드 오산공장,경기도,오산시,식품제조가공업,빵류,"가열(소성)공정,금속검출공정,소독/헹굼공정",2023
703,2021-3-1384,식품,Y,20030364718,농업회사법인꿀맛나는세상주식회사,경기도,화성시,식품제조가공업,식육함유가공품,"금속검출공정,완제품 냉장보관,원료육 냉장보관",2023
704,2017-6-9444,식품,Y,19960470037,(주)한국인삼공사,충청남도,부여군,식품제조가공업,기타가공품,세병공정,2023
705,2020-6-0177,식품,Y,19960470037,(주)한국인삼공사,충청남도,부여군,식품제조가공업,추출가공식품,후살균공정,2023
706,2014-6-8299,식품,Y,19960470037,(주)한국인삼공사,충청남도,부여군,식품제조가공업,인삼홍삼음료,"FBI공정,X-ray검출공정,살균(침지)공정,세병공정,후살균공정",2023
707,2012-6-8064,식품,Y,20040020013,(주)한국인삼공사,충청남도,부여군,건강기능식품전문제조업,건강기능식품전문제조업(홍삼),"1차농축공정,X-ray검출공정,세병공정",2023
708,2018-6-9088,식품,Y,20110445292,(주)흥국에프엔비,충청북도,음성군,식품제조가공업,기타 코코아가공품,초고압처리공정,2023
709,2017-6-9397,식품,Y,20110445292,(주)흥국에프엔비,충청북도,음성군,식품제조가공업,서류가공품,초고압처리공정,2023
710,2021-6-0400,식품,Y,20140441013,(주)아오스,충청북도,영동군,식품제조가공업,효모식품,수분활성도측정공정,2023
711,2021-6-0082,식품,Y,20140441013,(주)아오스,충청북도,영동군,식품제조가공업,캔디류,수분활성도측정공정,2023
712,2022-6-0147,식품,Y,20140441013,(주)아오스,충청북도,영동군,식품제조가공업,효소식품,수분활성도측정공정,2023
713,2022-6-0820,식품,Y,20140441013,(주)아오스,충청북도,영동군,식품제조가공업,당류가공품,수분활성도측정공정,2023
714,2021-6-0086,식품,Y,20140441013,(주)아오스,충청북도,영동군,식품제조가공업,음료베이스,수분활성도측정공정,2023
715,2021-6-0088,식품,Y,20140441013,(주)아오스,충청북도,영동군,식품제조가공업,기타가공품,수분활성도측정공정,2023
716,2021-6-0087,식품,Y,20140441013,(주)아오스,충청북도,영동군,식품제조가공업,과채가공품,수분활성도측정공정,2023
717,2022-6-0146,식품,Y,20140441013,(주)아오스,충청북도,영동군,식품제조가공업,체중조절용 조제식품,수분활성도측정공정,2023
718,2022-6-0145,식품,Y,20140441013,(주)아오스,충청북도,영동군,식품제조가공업,고형차,수분활성도측정공정,2023
719,2013-5-8063,식품,Y,20110627490,주식회사올레마켓,제주특별자치도,제주시,식품제조가공업,기타수산물가공품 중 냉동어류,,2023
720,2019-6-9473,식품,Y,20190447114,락희푸드,충청북도,옥천군,식품제조가공업,과채가공품,동결건조공정,2023
721,2021-6-1188,식품,Y,20190447114,락희푸드,충청북도,옥천군,식품제조가공업,서류가공품,동결건조공정,2023
722,2021-6-1187,식품,Y,20190447114,락희푸드,충청북도,옥천군,식품제조가공업,캔디류,동결건조공정,2023
723,2012-6-8044,식품,Y,20070443110,㈜삼양패키징광혜원공장,충청북도,진천군,식품제조가공업,과채주스,포장재멸균공정,2023
724,2015-6-8250,식품,Y,20070443110,㈜삼양패키징광혜원공장,충청북도,진천군,식품제조가공업,과채음료,포장재멸균공정,2023
725,2020-6-9017,식품,Y,20070443110,㈜삼양패키징광혜원공장,충청북도,진천군,식품제조가공업,탄산수,탄산주입공정,2023
726,2012-6-8045,식품,Y,20070443110,㈜삼양패키징광혜원공장,충청북도,진천군,식품제조가공업,혼합음료,포장재멸균공정,2023
727,2009-6-8013,식품,Y,20070443110,㈜삼양패키징광혜원공장,충청북도,진천군,식품제조가공업,커피,포장재멸균공정,2023
728,2009-6-8012,식품,Y,20070443110,㈜삼양패키징광혜원공장,충청북도,진천군,식품제조가공업,액상차,포장재멸균공정,2023
729,2015-6-8253,식품,Y,20070443110,㈜삼양패키징광혜원공장,충청북도,진천군,식품제조가공업,음료베이스,포장재멸균공정,2023
730,2015-6-8252,식품,Y,20070443110,㈜삼양패키징광혜원공장,충청북도,진천군,식품제조가공업,유산균음료,포장재멸균공정,2023
731,2015-6-8251,식품,Y,20070443110,㈜삼양패키징광혜원공장,충청북도,진천군,식품제조가공업,가공두유,포장재멸균공정,2023
732,2020-6-9018,식품,Y,20070443110,㈜삼양패키징광혜원공장,충청북도,진천군,식품제조가공업,탄산음료,탄산주입공정,2023
733,2015-6-8254,식품,Y,20070443110,㈜삼양패키징광혜원공장,충청북도,진천군,식품제조가공업,성장기용 조제식,포장재멸균공정,2023
734,1998-2-8006,식품,Y,19820607004,(주)빙그레,경상남도,김해시,식품제조가공업,커피,"살균공정,여과공정",2023
735,2021-2-0208,식품,Y,19820607004,(주)빙그레,경상남도,김해시,식품제조가공업,액상차,"살균공정,여과공정",2023
736,2009-2-8028,식품,Y,19820607004,(주)빙그레,경상남도,김해시,식품제조가공업,유산균음료,"살균공정,여과공정",2023
737,2011-2-8088,식품,Y,20060614131,㈜에이치씨글로벌,경남,양산시,식품제조가공업,식물성크림,"X-ray검출공정,금속검출공정,살균공정",2023
738,2019-3-9128,식품,Y,20020336425,㈜신세계푸드 오산공장,경기도,오산시,식품제조가공업,냉동식품 중 피자류,금속검출공정,2023
739,2021-6-0839,식품,Y,20190352055,주식회사큐앤비푸드,충청남도,아산시,식품제조가공업,과자,"가열(굽기)공정,주정혼합공정",2023
740,2022-6-0464,식품,Y,20190352055,주식회사큐앤비푸드,충청남도,아산시,식품제조가공업,빵류,"가열(굽기)공정,주정혼합공정",2023
741,2021-6-0126,식품,Y,20130368349,㈜소울네이처푸드,충청남도,천안시,식품제조가공업,고형차,수분활성도측정공정,2023
742,2022-6-0216,식품,Y,20130368349,㈜소울네이처푸드,충청남도,천안시,식품제조가공업,유함유가공품,수분활성도측정공정,2023
743,2021-6-0128,식품,Y,20130368349,㈜소울네이처푸드,충청남도,천안시,식품제조가공업,효소식품,수분활성도측정공정,2023
744,2021-6-0130,식품,Y,20130368349,㈜소울네이처푸드,충청남도,천안시,식품제조가공업,기타가공품,수분활성도측정공정,2023
745,2019-3-9128,식품,Y,20020336425,㈜신세계푸드 오산공장,경기도,오산시,식품제조가공업,냉동식품 중 피자류,가열(소성)공정,2023
746,2022-5-0811,식품,Y,20210527188,해남송지영농조합법인,전라남도,해남군,식품제조가공업,과채주스,"살균 공정(배관살균),여과 공정",2023
747,2022-5-0810,식품,Y,20210527188,해남송지영농조합법인,전라남도,해남군,식품제조가공업,액상차,"살균 공정(탱크살균),여과 공정",2023
748,2017-6-9131,식품,Y,20140464047,농업회사법인 주식회사 산들본가,세종특별자치시,전의면,식품제조가공업,곡류가공품,금속검출공정,2023
749,1999-3-8004,식품,Y,19870190051,씨제이제일제당㈜,인천광역시,중구,식품제조가공업,냉동식품 중 만두,,2023
750,2016-1-8085,식품,Y,20120015009,서울탁주서부연합제조장,서울,은평구,식품제조가공업,탁주,발효공정,2022
751,2017-1-9301,식품,Y,19760015001,서울탁주구로연합제조장,서울,금천구,식품제조가공업,탁주,발효공정,2022
752,2021-5-0557,식품,Y,20190491669,한국식품산업클러스터진흥원,전북,익산,식품제조가공업,액상차,,2022
753,2021-6-0127,식품,Y,20130368349,㈜소울네이처푸드,충남,천안,식품제조가공업,체중조절용 조제식품,수분활성도측정공정,2022
754,2019-1-9148 ,식품,Y,20190391141,한맥홈푸드,경기,포천,식품제조가공업,냉동식품 중 피자류,"베이킹공정, 급속동결공정, X-ray이물검출공정",2022
755,2019-1-9196,식품,Y,20190391141,한맥홈푸드,경기,포천,식품제조가공업,빵류,"베이킹공정, 급속동결공정, X-ray이물검출공정",2022
756,2022-1-0406,식품,Y,20200395112,㈜마음,경기,가평,식품제조가공업,기타엿,"가열공정, 금속검출공정",2022
757,2022-1-0563,식품,Y,20190029466,(주)쿠엔즈버킷,서울,중구,식품제조가공업,기타농산가공품,볶음공정,2022
758,2022-1-0562,식품,Y,20190029466,(주)쿠엔즈버킷,서울,중구,식품제조가공업,들기름,볶음공정,2022
759,2022-1-0561,식품,Y,20190029466,(주)쿠엔즈버킷,서울,중구,식품제조가공업,참기름,볶음공정,2022
760,2016-3-8214,식품,Y,19800190030,씨제이제일제당㈜,인천,중구,식품제조가공업,미강유(현미유),"스트레이너 여과(캔, 벌크)공정, 탈취공정(소재용제품에한함)",2022
761,2017-3-9061,식품,Y,19800190030,씨제이제일제당㈜,인천,중구,식품제조가공업,해바라기유,스트레이너 여과공정,2022
762,2016-3-8218,식품,Y,19800190030,씨제이제일제당㈜,인천,중구,식품제조가공업,팜유류,"스트레이너 여과(벌크)공정, 탈취공정",2022
763,2016-3-8219,식품,Y,19800190030,씨제이제일제당㈜,인천,중구,식품제조가공업,향미유,스트레이너 여과공정,2022
764,2016-3-8220,식품,Y,19800190030,씨제이제일제당㈜,인천,중구,식품제조가공업,혼합식용유,"스트레이너 여과(캔, 벌크)공정",2022
765,2017-3-9062,식품,Y,19800190030,씨제이제일제당㈜,인천,중구,식품제조가공업,야자유,스트레이너 여과공정,2022
766,2016-3-8215,식품,Y,19800190030,씨제이제일제당㈜,인천,중구,식품제조가공업,옥수수기름(옥배유),"스트레이너 여과(캔, 벌크)공정",2022
767,2016-3-8216,식품,Y,19800190030,씨제이제일제당㈜,인천,중구,식품제조가공업,채종유(유채유 또는 카놀라유),"스트레이너 여과(캔, 벌크)공정, 탈취공정",2022
768,2016-3-8217,식품,Y,19800190030,씨제이제일제당㈜,인천,중구,식품제조가공업,콩기름(대두유),"스트레이너 여과(캔, 벌크)공정, 탈취공정",2022
769,2022-2-0532,식품,Y,20050137366,한일식품,부산,남구,식품제조가공업,과자,금속검출공정,2022
770,2018-4-9118,식품,Y,20180161772,(주)백두에프엠,대구,동구,식품제조가공업,냉동식품 중 피자류,"가열(굽기)공정, 금속검출공정",2022
771,2019-4-9085,식품,Y,20180161772,(주)백두에프엠,대구,동구,식품제조가공업,빵류,"가열(굽기)공정, 금속검출공정, 급속동결공정",2022
772,2022-4-0065,식품,Y,20170188698,주식회사 혜성제과,대구,달성군,식품제조가공업,과자,시럽가열공정,2022
773,2017-6-9132,식품,Y,20140464047,농업회사법인 주식회사 산들본가,세종,전의면,식품제조가공업,떡류,금속검출공정,2022
774,2019-6-9474,식품,Y,20190447114,락희푸드,충북,옥천,식품제조가공업,초콜릿가공품,동결건조공정,2022
775,2007-6-8075,식품,Y,20050415020,㈜시아스,충북,청주,식품제조가공업,소스,살균공정,2022
776,2020-3-1162,식품,Y,20190280327,㈜현대그린푸드 스마트푸드센터,경기,용인,식품제조가공업,즉석섭취식품,X-ray검출공정,2022
777,2020-3-1379,식품,Y,20190280327,㈜현대그린푸드 스마트푸드센터,경기,용인,식품제조가공업,암환자용 식단형 식품,X-ray검출공정,2022
778,2020-3-9042,식품,Y,20190280327,㈜현대그린푸드 스마트푸드센터,경기,용인,식품제조가공업,당뇨환자용 식단형 식품,X-ray검출공정,2022
779,2020-3-1161,식품,Y,20190280327,㈜현대그린푸드 스마트푸드센터,경기,용인,식품제조가공업,식육함유가공품,X-ray검출공정,2022
780,2020-3-9046,식품,Y,20190280327,㈜현대그린푸드 스마트푸드센터,경기,용인,식품제조가공업,간편조리세트,X-ray검출공정,2022
781,2021-3-0606,식품,Y,20190280327,㈜현대그린푸드 스마트푸드센터,경기,용인,식품제조가공업,체중조절용 조제식품,X-ray검출공정,2022
782,2020-3-1160,식품,Y,20190280327,㈜현대그린푸드 스마트푸드센터,경기,용인,식품제조가공업,과채가공품,X-ray검출공정,2022
783,2020-3-1159,식품,Y,20190280327,㈜현대그린푸드 스마트푸드센터,경기,용인,식품제조가공업,조림류,X-ray검출공정,2022
784,2020-3-1163,식품,Y,20190280327,㈜현대그린푸드 스마트푸드센터,경기,용인,식품제조가공업,즉석조리식품,X-ray검출공정,2022
785,2020-3-1158,식품,Y,20190280327,㈜현대그린푸드 스마트푸드센터,경기,용인,식품제조가공업,절임식품,X-ray검출공정,2022
786,2020-3-1157,식품,Y,20190280327,㈜현대그린푸드 스마트푸드센터,경기,용인,식품제조가공업,소스,X-ray검출공정,2022
787,2020-3-1156,식품,Y,20190280327,㈜현대그린푸드 스마트푸드센터,경기,용인,식품제조가공업,향미유,X-ray검출공정,2022
788,2018-6-9145,식품,Y,20180456011,대상웰라이프주식회사천안공장,충남,천안,식품제조가공업,혼합음료,"UHT살균공정, X-ray검출공정, 공관세척공정, 멸균공정, 여과공정, 팩살균공정",2022
789,2018-6-9146,식품,Y,20180456011,대상웰라이프주식회사천안공장,충남,천안,식품제조가공업,기타환자용 영양조제식품,"X-ray검출공정, 공관세척공정, 멸균공정, 살균(UHT)공정, 여과공정, 팩살균공정",2022
790,2018-6-9606,식품,Y,20180456011,대상웰라이프주식회사천안공장,충남,천안,식품제조가공업,당뇨환자용 영양조제식품,"X-ray검출공정, 공관세척공정, 멸균공정, 살균(UHT)공정, 여과공정, 팩살균공정",2022
791,2018-6-9607,식품,Y,20180456011,대상웰라이프주식회사천안공장,충남,천안,식품제조가공업,신장질환자용 영양조제식품,"X-ray검출공정, 공관세척공정, 멸균공정, 살균(UHT)공정, 여과공정, 팩살균공정",2022
792,2018-6-9611,식품,Y,20180456011,대상웰라이프주식회사천안공장,충남,천안,식품제조가공업,일반 환자용 균형영양조제식품,"X-ray검출공정, 공관세척공정, 멸균공정, 살균(UHT)공정, 여과공정, 팩살균공정",2022
793,2018-6-9275,식품,Y,20120233070,드림푸드 빵굽네,대전,서구,식품제조가공업,빵류,"가열공정, 금속검출공정",2022
794,2018-6-9274,식품,Y,20120233070,드림푸드 빵굽네,대전,서구,식품제조가공업,과자,"가열공정, 금속검출공정",2022
795,2012-2-8185,식품,Y,20050614233,씨제이제일제당㈜,경남,양산,식품제조가공업,밀가루,금속검출공정,2022
796,2019-5-9366,식품,Y,20190527047,농업회사법인온드림푸드㈜,전남,해남,식품제조가공업,서류가공품,"화염오븐굽기공정, 금속검출공정",2022
797,2018-2-9076,식품,Y,20180589064,어업회사법인주식회사해광,경남,창원,식품제조가공업,기타수산물가공품 중 냉동연체류,금속검출공정,2022
798,2018-2-9059,식품,Y,20180589064,어업회사법인주식회사해광,경남,창원,식품제조가공업,기타수산물가공품 중 냉동어류,금속검출공정,2022
799,2021-1-0443,식품,Y,20170384402,(주)온세까세로1공장,강원,원주,식품제조가공업,즉석조리식품,,2022
800,2014-1-8222,식품,Y,19960080359,씨제이제일제당㈜(서울),서울,구로구,식품제조가공업,밀가루,Re-sifter2공정,2022
801,2018-1-9088,식품,Y,20020355141,마늘빵집,경기,파주,식품제조가공업,과자,금속검출공정,2022
802,2007-1-8016,식품,Y,19920380128,주식회사 피피이씨춘천,강원,춘천,식품제조가공업,두부,"살균공정, 냉각공정",2022
803,2014-1-8185,식품,Y,20030380218,주식회사 피피이씨춘천-얼음지점,강원,춘천,식품제조가공업,식용얼음,자외선살균공정,2022
804,2021-6-0121,식품,Y,20140441030,농업회사법인 주식회사 정원식품,충북,영동,식품제조가공업,조림류,"X-ray검출공정, 살균공정",2022
805,2002-6-8029,식품,Y,20090442040,(주)풀무원녹즙,충북,증평,식품제조가공업,"비가열음료(과채음료,과채주스)",금속검출공정,2022
806,2020-6-0997,식품,Y,19880442004,풀무원건강생활(주),충북,증평,식품제조가공업,추출가공식품,충진공정,2022
807,2007-6-8013,식품,Y,19880442004,풀무원건강생활(주),충북,증평,식품제조가공업,혼합음료,충진공정,2022
808,2016-6-8088,식품,Y,19880442004,풀무원건강생활(주),충북,증평,식품제조가공업,인삼홍삼음료,충진공정,2022
809,2007-6-8012,식품,Y,19880442004,풀무원건강생활(주),충북,증평,식품제조가공업,과채음료,충진공정,2022
810,2007-6-8011,식품,Y,19880442004,풀무원건강생활(주),충북,증평,식품제조가공업,과채주스,충진공정,2022
811,2007-6-8014,식품,Y,19880442004,풀무원건강생활(주),충북,증평,식품제조가공업,액상차,충진공정,2022
812,2007-6-8015,식품,Y,20040020001,풀무원건강생활(주),충북,증평,건강기능식품전문제조업,건강기능식품전문제조업(알로에 겔),충진공정,2022
813,2011-5-8047,식품,Y,19710506012,(주)해도식품,전남,여수,식품제조가공업,어묵,튀김공정,2022
814,2018-5-9319,식품,Y,20120506083,여수제일식품,전남,여수,식품제조가공업,기타수산물가공품 중 냉동연체류,"금속검출공정, 소독/헹굼공정",2022
815,2018-5-9289,식품,Y,20120506083,여수제일식품,전남,여수,식품제조가공업,기타수산물가공품 중 냉동어류,"금속검출공정, 소독/헹굼공정",2022
816,2010-1-8051,식품,Y,19810372140,(주)우천식품,경기,포천,식품제조가공업,두부,"스팀살균공정, 금속검출공정",2022
817,2018-1-9178,식품,Y,19810372140,(주)우천식품,경기,포천,식품제조가공업,두류가공품,"살균공정, 금속검출공정",2022
818,2020-1-0137,식품,Y,20190098899,(주)톰볼라,서울,금천구,식품제조가공업,냉동식품 중 피자류,가열(오븐)공정,2022
819,2020-1-0136,식품,Y,20190098899,(주)톰볼라,서울,금천구,식품제조가공업,즉석조리식품,"가열(데크오븐)공정, 가열(로터리오븐)공정, 가열(졸임)공정",2022
820,2020-6-0177,식품,Y,19960470037,(주)한국인삼공사,충남,부여,식품제조가공업,추출가공식품,X-ray 검출공정,2022
821,2022-3-0159,식품,Y,20210011470,(주)삼양사 인천1공장,인천,서구,건강기능식품전문제조업,건강기능식품전문제조업(난소화성말토덱스트린),"건조공정, 살균공정",2022
822,2016-3-8043,식품,Y,19750208003,㈜삼양사,인천,서구,식품제조가공업,덱스트린,,2022
823,2016-3-8042,식품,Y,19750208003,㈜삼양사,인천,서구,식품제조가공업,기타엿,,2022
824,2016-3-8045,식품,Y,19750208003,㈜삼양사,인천,서구,식품제조가공업,물엿,,2022
825,2016-3-8454,식품,Y,19750208003,㈜삼양사,인천,서구,식품제조가공업,과당,,2022
826,2016-3-8452,식품,Y,19750208003,㈜삼양사,인천,서구,식품제조가공업,포도당,,2022
827,2016-3-8453,식품,Y,19750208003,㈜삼양사,인천,서구,식품제조가공업,올리고당,,2022
828,2017-5-9308,식품,Y,20160523012,농업회사법인 무화담㈜,전남,해남,식품제조가공업,과채가공품,"건조공정, 금속검출공정",2022
829,2018-5-9077,식품,Y,20160523012,농업회사법인 무화담㈜,전남,해남,식품제조가공업,과채음료,"살균공정, 여과공정",2022
830,2017-5-9309,식품,Y,20160523012,농업회사법인 무화담㈜,전남,해남,식품제조가공업,기타잼,"농축공정, 금속검출공정, 세병공정",2022
831,2005-2-8010,식품,Y,19950616006,주식회사 피피이씨의령,경남,의령,식품제조가공업,두부,"2차냉각공정, 살균(열탕)공정",2022
832,2018-4-9033,식품,Y,20100543066,오케이에프음료 주식회사,경북,안동,식품제조가공업,탄산수,PET 세척공정,2022
833,2014-4-8093,식품,Y,20100543066,오케이에프음료 주식회사,경북,안동,식품제조가공업,탄산음료,PET 세척공정,2022
834,2020-5-0520,식품,Y,20200500027,풀무원다논주식회사,전북,무주,식품제조가공업,유산균음료,금속검출공정(X-ray검출공정),2022
835,2022-2-0394,식품,Y,20200616088,농업회사법인 주식회사 함양산양삼,경남,함양,식품제조가공업,기타가공품,"살균공정, 여과공정, 세병공정, 건조공정, 금속검출공정",2022
836,2022-2-0493,식품,Y,20200616088,농업회사법인 주식회사 함양산양삼,경남,함양,식품제조가공업,과채주스,"살균공정, 여과공정",2022
837,2021-2-0002,식품,Y,20200616088,농업회사법인 주식회사 함양산양삼,경남,함양,식품제조가공업,액상차,"여과공정, 살균공정",2022
838,2019-8-8463,식품,Y,19730190015,씨제이제일제당㈜,인천,중구,식품제조가공업,설탕,,2022
839,2016-3-8259,식품,Y,19730190015,씨제이제일제당㈜,인천,중구,식품제조가공업,기타설탕,,2022
840,2016-3-8264,식품,Y,19730190015,씨제이제일제당㈜,인천,중구,식품제조가공업,기타코코아가공품,,2022
841,2022-3-0646,식품,Y,20140368056,농업회사법인㈜대경햄,경기,여주,식퓸제조가공업,곡류가공품,가열공정,2022
842,2022-5-0186,식품,Y,20220903117,메밀밭에가시리,제주,서귀포,식품제조가공업,냉동식품 중 면류(숙면),"성형압출공정, 금속검출공정",2022
843,2012-5-8105,식품,Y,20060628206,영어조합법인올레바당,제주,제주,식품제조가공업,기타수산물가공품 중 냉동연체류,금속검출공정,2022
844,2012-5-8104,식품,Y,20060628206,영어조합법인올레바당,제주,제주,식품제조가공업,기타수산물가공품 중 냉동어류,금속검출공정,2022
845,2021-5-0879,식품,Y,20180622215,(재)제주테크노파크용암해수센터,제주,제주,식품제조가공업,혼합음료,"여과공정, 살균공정",2022
846,2020-5-0259,식품,Y,20180622215,(재)제주테크노파크용암해수센터,제주,제주,식품제조가공업,과채음료,"여과공정, 살균공정",2022
847,2021-5-0098,식품,Y,20180622215,(재)제주테크노파크용암해수센터,제주,제주,식품제조가공업,과채주스,"여과공정, 살균공정",2022
848,2021-5-0878,식품,Y,20180622215,(재)제주테크노파크용암해수센터,제주,제주,식품제조가공업,액상차,"여과공정, 살균공정",2022
849,2020-2-0338,식품,Y,20020601802,아이리치베이커리,경남,진주,식품제조가공업,빵류,금속검출공정,2022
850,2022-6-0464,식품,Y,20190352055,주식회사큐앤비푸드,충남,아산,식품제조가공업,빵류,금속검출공정,2022
851,2021-6-0839,식품,Y,20190352055,주식회사큐앤비푸드,충남,아산,식품제조가공업,과자,금속검출공정,2022
852,2018-3-9303,식품,Y,20140355219,주식회사 뮤제오,경기,용인,식품제조가공업,커피,"볶음공정, 금속검출공정",2022
853,2013-2-8187,식품,Y,19680247003,㈜삼양사울산1공장,울산,남,식품제조가공업,기타설탕,,2022
854,2013-2-8228,식품,Y,19680247002,㈜삼양사울산1공장,울산,남,식품제조가공업,설탕,,2022
855,2016-4-8100,식품,Y,19960163002,성경순만두,대구,서구,식품제조가공업,냉동식품 중 만두,"가열(증숙)공정, 금속검출공정",2022
856,2021-1-0442,식품,Y,20170384402,(주)온세까세로1공장,강원,원주,식품제조가공업,빵류,금속검출공정,2022
857,2021-6-1280,식품,Y,20190473161,(주)휴온스푸디언스금산3공장,충남,금산,식품제조가공업,기타가공품,수분활성도측정공정,2022
858,2021-6-1164,식품,Y,20190473161,(주)휴온스푸디언스금산3공장,충남,금산,식품제조가공업,로열젤리제품,수분활성도측정공정,2022
859,2019-6-9464,식품,Y,20190473161,(주)휴온스푸디언스금산3공장,충남,금산,식품제조가공업,추출가공식품,"가열공정, 여과공정",2022
860,2020-6-0218,식품,Y,20190473161,(주)휴온스푸디언스금산3공장,충남,금산,식품제조가공업,기타농산가공품,수분활성도측정공정,2022
861,2020-6-0418,식품,Y,20190473161,(주)휴온스푸디언스금산3공장,충남,금산,식품제조가공업,과채가공품,"여과공정, 살균공정, 수분활성도측정공정",2022
862,2021-6-1163,식품,Y,20190473161,(주)휴온스푸디언스금산3공장,충남,금산,식품제조가공업,혼합음료,"가열(살균)공정, 여과공정",2022
863,2019-6-9463,식품,Y,20190473161,(주)휴온스푸디언스금산3공장,충남,금산,식품제조가공업,인삼홍삼음료,"가열공정, 여과공정",2022
864,2019-6-9461,식품,Y,20190473161,(주)휴온스푸디언스금산3공장,충남,금산,식품제조가공업,과채주스,"가열공정, 여과공정",2022
865,2021-6-0955,식품,Y,20190473161,(주)휴온스푸디언스금산3공장,충남,금산,식품제조가공업,고형차,수분활성도측정공정,2022
866,2019-6-9462,식품,Y,20190473161,(주)휴온스푸디언스금산3공장,충남,금산,식품제조가공업,액상차,"가열공정, 여과공정",2022
867,2022-6-0058,식품,Y,20190473161,(주)휴온스푸디언스금산3공장,충남,금산,식품제조가공업,당류가공품,수분활성도측정공정,2022
868,2021-6-0662,식품,Y,20190473161,(주)휴온스푸디언스금산3공장,충남,금산,식품제조가공업,캔디류,"가열살균공정, 여과공정",2022
869,2022-4-0351,식품,Y,20180552664,주식회사낭만연구소,경북,구미,식품제조가공업,기타수산물가공품 중 냉동조미가공품,금속검출공정,2022
870,2019-4-9185,식품,Y,20180552664,주식회사낭만연구소,경북,구미,식품제조가공업,즉석조리식품,금속검출공정,2022
871,2021-1-0413,식품,Y,20010386588,선미한과,강원,강릉,식품제조가공업,과자,"유탕공정, 금속검출공정",2022
872,2015-6-8254,식품,Y,20070443110,(주)삼양패키징 광혜원공장,충북,진천,식품제조가공업,성장기용 조제식,"이물여과공정, 제품액멸균공정",2022
873,2015-6-8253,식품,Y,20070443110,(주)삼양패키징 광혜원공장,충북,진천,식품제조가공업,음료베이스,"이물여과공정, 제품액살균공정",2022
874,2012-6-8045,식품,Y,20070443110,(주)삼양패키징 광혜원공장,충북,진천,식품제조가공업,혼합음료,"제품액멸균공정, 제품액살균공정, 이물여과공정",2022
875,2015-6-8252,식품,Y,20070443110,(주)삼양패키징 광혜원공장,충북,진천,식품제조가공업,유산균음료,"제품액멸균공정, 제품액살균공정, 이물여과공정",2022
876,2015-6-8251,식품,Y,20070443110,(주)삼양패키징 광혜원공장,충북,진천,식품제조가공업,가공두유,"이물여과공정, 제품액멸균공정",2022
877,2020-6-9017,식품,Y,20070443110,(주)삼양패키징 광혜원공장,충북,진천,식품제조가공업,탄산수,이물여과공정,2022
878,2020-6-9018,식품,Y,20070443110,(주)삼양패키징 광혜원공장,충북,진천,식품제조가공업,탄산음료,이물여과공정,2022
879,2015-6-8250,식품,Y,20070443110,(주)삼양패키징 광혜원공장,충북,진천,식품제조가공업,과채음료,"제품액멸균공정, 제품액살균공정, 이물여과공정",2022
880,2012-6-8044,식품,Y,20070443110,(주)삼양패키징 광혜원공장,충북,진천,식품제조가공업,과채주스,"제품액멸균공정, 제품액살균공정, 이물여과공정",2022
881,2009-6-8013,식품,Y,20070443110,(주)삼양패키징 광혜원공장,충북,진천,식품제조가공업,커피,"이물여과공정, 제품액멸균공정",2022
882,2009-6-8012,식품,Y,20070443110,(주)삼양패키징 광혜원공장,충북,진천,식품제조가공업,액상차,"제품액멸균공정, 제품액살균공정, 이물여과공정",2022
883,2020-3-1039,식품,Y,20140069906,㈜브리에잇,경기,경인,식품제조가공업,빵류,"굽기공정, 금속검출공정",2022
884,2020-3-1038,식품,Y,20140069906,㈜브리에잇,경기,경인,식품제조가공업,과자,"굽기공정, 금속검출공정",2022
885,2014-6-8358,식품,Y,19880445009,(주)피피이씨음성생면,충북,음성,식품제조가공업,국수(숙면),살균공정,2022
886,2014-6-8301,식품,Y,19830415001,해태제과식품(주)청주공장,충북,청주,식품제조가공업,초콜릿가공품,오븐공정,2022
887,2012-6-8099,식품,Y,19830415001,해태제과식품(주)청주공장,충북,청주,식품제조가공업,과자,"건조공정, 오븐공정, 코팅공정, 후라잉공정",2022
888,2010-5-8047,식품,Y,19840221008,해태제과식품(주)광주공장,광주,북구,식품제조가공업,초콜릿가공품,"소성공정, 금속검출공정",2022
889,2020-4-0120,식품,Y,20190189139,달성군농산물가공영농조합법인,대구,달성,식품제조가공업,과채음료,"여과공정, 살균공정",2022
890,2020-4-0119,식품,Y,20190189139,달성군농산물가공영농조합법인,대구,달성,식품제조가공업,과채주스,"여과공정, 살균공정, 금속검출공정",2022
891,2020-4-0118,식품,Y,20190189139,달성군농산물가공영농조합법인,대구,달성,식품제조가공업,액상차,"세병공정, 여과공정, 살균공정, 금속검출공정, 후살균공정",2022
892,2020-4-0117,식품,Y,20190189139,달성군농산물가공영농조합법인,대구,달성,식품제조가공업,잼,"세병공정, 금속검출공정, 후살균공정",2022
893,2019-6-9356,식품,Y,20010445170,주식회사 시아스 음성공장,충북,음성,식품제조가공업,즉석조리식품,증숙공정,2022
894,2015-1-8194,식품,Y,20150002152,㈜한국인삼공사,강원,원주,건강기능식품전문제조업,건강기능식품전문제조업(홍삼),"X-ray검출공정, 살균공정",2022
895,2015-1-8193,식품,Y,20150383600,㈜한국인삼공사,강원,원주,식품제조가공업,인삼홍삼음료,"X-ray검출공정, 살균공정",2022
896,2017-1-9072,식품,Y,20150383600,㈜한국인삼공사,강원,원주,식품제조가공업,추출가공식품,"X-ray검출공정, 살균공정",2022
897,2016-3-8237,식품,Y,20140375284,주식회사 털보농산,경기,여주,식품제조가공업,절임식품,"조미공정, 금속검출공정",2022
898,2019-4-9126,식품,Y,19880533007,주식회사 조은식품,경북,포항,식품제조가공업,즉석섭취식품(운반급식),"구이공정, 끓임공정, 볶음공정, 취반공정, 튀김공정, 금속검출공정",2022
899,2022-6-0147,식품,Y,20140441013,(주)아오스,충북,영동,식품제조가공업,효소식품,,2022
900,2022-6-0148,식품,Y,20140441013,(주)아오스,충북,영동,식품제조가공업,곡류가공품,,2022
901,2022-6-0149,식품,Y,20140441013,(주)아오스,충북,영동,식품제조가공업,두류가공품,,2022
902,2022-6-0146,식품,Y,20140441013,(주)아오스,충북,영동,식품제조가공업,체중조절용조제식품,,2022
903,2022-6-0145,식품,Y,20140441013,(주)아오스,충북,영동,식품제조가공업,고형차,,2022
904,2019-4-9049,식품,Y,20060533131,효자종합식품㈜,경북,포항,식품제조가공업,즉석섭취식품,"가열공정, 금속검출공정",2022
905,2018-4-9208,식품,Y,20110533047,(주)경북외식산업2공장,경북,포항,식품제조가공업,즉석섭취식품,"가열공정, 금속검출공정",2022
906,2021-5-0073,식품,Y,20140512029,주식회사 청담은,전남,나주,식품제조가공업,레토르트식품(즉석조리식품),"멸균공정, 금속검출공정",2022
907,2014-5-8103,식품,Y,20140512029,주식회사 청담은,전남,나주,식품제조가공업,영유아용이유식,"살균공정, 멸균공정, 금속검출공정 ",2022
908,2020-3-1034,식품,Y,20110344284,농업회사법인㈜삼신후르츠,경기,화성,식품제조가공업,신선편의식품,금속검출공정,2022
909,2010-3-8068,식품,Y,20000360372,롯데칠성음료㈜,경기,안성,식품제조가공업,액상차,"CAP멸균공정, 멸균공정, 살균공정, 용기멸균공정",2022
910,2014-5-8163,식품,Y,20060487596,농업회사법인 주식회사 세인식품,전북,익산,식품제조가공업,절임식품,"충진공정, 금속검출공정",2021
911,2019-2-9056,식품,Y,20020589249,남경식품(참그린김치),경남,창원,식품제조가공업,김치(기타김치),금속검출공정,2021
912,2011-2-8061,식품,Y,20020589249,남경식품(참그린김치),경남,창원,식품제조가공업,김치(배추김치),금속검출공정,2021
913,2020-5-0755,식품,Y,20130105860,㈜쿠엔즈버킷,전북,익산,식품제조가공업,기타농산가공품,"볶음공정, 건조공정, 금속검출공정",2021
914,2021-4-0042,식품,Y,20200542118,총본산경주빵 본점,경북,경주,식품제조가공업,과자,"가열(굽기)공정, 금속검출공정",2021
915,2021-4-0043,식품,Y,20200542118,총본산경주빵 본점,경북,경주,식품제조가공업,빵류,"가열(굽기)공정, 금속검출공정",2021
916,2020-5-0616,식품,Y,20170487094,한국식품클러스터진흥원 파일럿플랜트,전북,익산,식품제조가공업,기타농산물가공품,분무건조공정,2021
917,2021-3-1608,식품,Y,19790190025,씨제이제일제당㈜,인천,중구,식품제조가공업,두류가공품,"건조공정, X-ray검출공정, 금속검출공정",2021
918,2012-6-8004,식품,Y,19930443009,삼진식품㈜,충북,진천,식품제조가공업,묵류,"금속검출공정, 혼합/성형공정",2021
919,2020-4-0523,식품,Y,20000570094,농업회사법인㈜흥신식품,경북,칠곡,식품제조가공업,건면,"건조공정, 금속검출공정",2021
920,2019-3-9361,식품,Y,20090275163,㈜씨지에스에프앤비,경기,성남,식품제조가공업,빵류,"시트가열공정, 크레페가열공정, 금속검출공정, 크림제조공정",2021
921,2018-5-9053,식품,Y,20170487625,㈜핀컴퍼니,전북,익산,식품제조가공업,빵류,금속검출공정,2021
922,2018-5-9278,식품,Y,20130105860,㈜쿠엔즈버킷,전북,익산,식품제조가공업,들기름,"세병공정, 여과공정, 건조공정, 볶음공정",2021
923,2018-5-9279,식품,Y,20130105860,㈜쿠엔즈버킷,전북,익산,식품제조가공업,참기름,"세병공정, 여과공정, 건조공정, 볶음공정",2021
924,2017-6-9525,식품,Y,19980449002,해태에이치티비 주식회사,충남,천안,식품제조가공업,기타영유아식,"액멸균(살균)공정, 여과공정, 포장재멸균공정, 용기세척공정(아셉틱제품에 한함)",2021
925,2016-6-8242,식품,Y,19980449002,해태에이치티비 주식회사,충남,천안,식품제조가공업,성장기용조제식,"액멸균(살균)공정, 여과공정, 포장재멸균공정, 용기세척공정(아셉틱제품에 한함)",2021
926,2011-6-8106,식품,Y,19980449002,해태에이치티비 주식회사,충남,천안,식품제조가공업,혼합음료,"액멸균(살균)공정, 여과공정, 열처리공정, 용기세척공정(캔,병제품에 한함), 포장재멸균공정, 용기세척공정(아셉틱제품에 한함), 금속검출공정",2021
927,2011-6-8107,식품,Y,19980449002,해태에이치티비 주식회사,충남,천안,식품제조가공업,인삼홍삼음료,"여과공정, 열처리공정, 용기세척공정(캔,병제품에 한함)",2021
928,2011-6-8108,식품,Y,19980449002,해태에이치티비 주식회사,충남,천안,식품제조가공업,유산균음료,"여과공정, 열처리공정, 용기세척공정(캔,병제품에 한함)",2021
929,2011-6-8105,식품,Y,19980449002,해태에이치티비 주식회사,충남,천안,식품제조가공업,탄산음료,"여과공정, 탄산주입공정(터널살균하지 않는 제품), 터널살균공정(터널살균하는 제품)",2021
930,2011-6-8104,식품,Y,19980449002,해태에이치티비 주식회사,충남,천안,식품제조가공업,과채음료,"액멸균(살균)공정, 여과공정, 열처리공정, 용기세척공정(캔,병제품에 한함), 포장재멸균공정, 용기세척공정(아셉틱제품에 한함), X-ray검출공정, 금속검출공정",2021
931,2011-6-8103,식품,Y,19980449002,해태에이치티비 주식회사,충남,천안,식품제조가공업,과채주스,"여과공정, 열처리공정, 용기세척공정(캔, 병제품에 한함)",2021
932,2018-6-9352,식품,Y,19980449002,해태에이치티비 주식회사,충남,천안,식품제조가공업,커피,"액멸균(살균)공정, 여과공정, 포장재멸균공정, 용기세척공정(아셉틱제품에 한함)",2021
933,2011-6-8109,식품,Y,19980449002,해태에이치티비 주식회사,충남,천안,식품제조가공업,액상차,"액멸균(살균)공정, 여과공정, 열처리공정, 용기세척공정, 포장재멸균공정, 용기세척공정(아셉틱제품에 한함)",2021
934,2017-6-9320,식품,Y,19980449002,해태에이치티비 주식회사,충남,천안,식품제조가공업,당시럽류,"여과공정, 자외선살균공정",2021
935,2021-3-1385,식품,Y,20110275233,주식회사 피엔에스,경기,성남,식품제조가공업,침출차,"가열(로스팅)공정, 금속검출공정",2021
936,2016-3-8443,식품,Y,20110275233,주식회사 피엔에스,경기,성남,식품제조가공업,커피,"가열(로스팅)공정, 금속검출공정",2021
937,2019-2-9032,식품,Y,20180618067,주식회사 구포국수,경남,합천,식품제조가공업,국수(건면),건조공정,2021
938,2021-1-0593,식품,Y,20200336740,㈜밀라노푸드시스템,경기,고양,식품제조가공업,조미건어포,금속검출공정,2021
939,2021-1-0290,식품,Y,20200336740,㈜밀라노푸드시스템,경기,고양,식품제조가공업,즉석조리식품,금속검출공정,2021
940,2016-3-8076,식품,Y,20110311336,씨제이제일제당㈜,경기,안산,식품제조가공업,과당,"연속농축공정, X-ray 검출공정",2021
941,2016-3-8078,식품,Y,20110311336,씨제이제일제당㈜,경기,안산,식품제조가공업,물엿,"뱃지농축공정, 연속농축공정",2021
942,2016-3-8080,식품,Y,20110311336,씨제이제일제당㈜,경기,안산,식품제조가공업,올리고당,뱃지농축공정,2021
943,2016-3-8079,식품,Y,20110311336,씨제이제일제당㈜,경기,안산,식품제조가공업,기타과당,연속농축공정,2021
944,2013-2-8128,식품,Y,20100144106,㈜경맥,부산,사하구,식품제조가공업,기타수산물가공품 중 냉동연체류,"세척공정, 금속검출공정",2021
945,2020-1-0908,식품,Y,20200336740,㈜밀라노푸드시스템,경기,고양,식품제조가공업,기타수산물가공품 중 냉동조미가공품,"세척공정, 금속검출공정",2021
946,2021-3-0787,식품,Y,20170362356,(주)가림씨푸드,인천,서구,식품제조가공업,기타수산물가공품 중 냉동어류,"세척공정, 금속검출공정",2021
947,2013-2-8188,식품,Y,19680247002,㈜삼양사울산1공장,울산,남구,식품제조가공업,당류가공품,여과공정(FL filter),2021
948,2021-6-0400,식품,Y,20140441013,㈜아오스,충북,영동,식품제조가공업,효모식품,"건조공정,X-ray검출공정",2021
949,2021-6-0088,식품,Y,20140441013,㈜아오스,충북,영동,식품제조가공업,기타가공품,"건조공정, X-ray검츨공정, 여과공정, 살균공정",2021
950,2021-6-0087,식품,Y,20140441013,㈜아오스,충북,영동,식품제조가공업,과채가공품,"건조공정, X-ray검츨공정",2021
951,2021-6-0086,식품,Y,20140441013,㈜아오스,충북,영동,식품제조가공업,음료베이스,"건조공정, X-ray검츨공정",2021
952,2021-6-0085,식품,Y,20140441013,㈜아오스,충북,영동,식품제조가공업,과채음료,"여과공정, 살균공정",2021
953,2021-6-0084,식품,Y,20140441013,㈜아오스,충북,영동,식품제조가공업,커피,"건조공정, X-ray검츨공정",2021
954,2021-6-0083,식품,Y,20140441013,㈜아오스,충북,영동,식품제조가공업,액상차,"여과공정, 살균공정",2021
955,2021-6-0082,식품,Y,20140441013,㈜아오스,충북,영동,식품제조가공업,캔디류,"건조공정, X-ray검츨공정",2021
956,2021-2-0270,식품,Y,20110144175,바애드㈜,부산,사하구,식품제조가공업,기타수산물가공품 중 냉동어류,"금속검출공정, 급속동결공정",2021
957,2021-2-0269,식품,Y,20110144175,바애드㈜,부산,사하구,식품제조가공업,기타수산물가공품 ,"소독헹굼공정, 금속검출공정",2021
958,2021-6-0149,식품,Y,20170415080,주식회사 에스피씨삼립 청주공장,충북,청주,식품제조가공업,두류가공품,살균공정,2021
959,2018-6-9574,식품,Y,20170415080,주식회사 에스피씨삼립 청주공장,충북,청주,식품제조가공업,당류가공품,살균공정,2021
960,2018-6-9136,식품,Y,20170415080,주식회사 에스피씨삼립 청주공장,충북,청주,식품제조가공업,음료베이스,살균공정,2021
961,2018-6-9134,식품,Y,20170415080,주식회사 에스피씨삼립 청주공장,충북,청주,식품제조가공업,과채가공품,살균공정,2021
962,2018-6-9311,식품,Y,20170415080,주식회사 에스피씨삼립 청주공장,충북,청주,식품제조가공업,토마토케첩,가열(살균)공정,2021
963,2018-6-9575,식품,Y,20170415080,주식회사 에스피씨삼립 청주공장,충북,청주,식품제조가공업,소스,살균공정,2021
964,2016-3-8262,식품,Y,19730190015,씨제이제일제당㈜,인천,중구,식품제조가공업,기타엿,HTST공정,2021
965,2016-3-8261,식품,Y,19730190015,씨제이제일제당㈜,인천,중구,식품제조가공업,올리고당가공품,HTST공정,2021
966,2016-3-8263,식품,Y,19730190015,씨제이제일제당㈜,인천,중구,식품제조가공업,당류가공품,"전화공정, HTST공정",2021
967,2016-3-8462,식품,Y,19730190015,씨제이제일제당㈜,인천,중구,식품제조가공업,올리고당,"농축공정, HTST공정",2021
968,1999-3-8004,식품,Y,19870190051,씨제이제일제당㈜,인천,중구,식품제조가공업,만두,금속검출공정,2021
969,2014-3-8288,식품,Y,19870190051,씨제이제일제당㈜,인천광역시,중구,식품제조가공업,기타수산물가공품,,2023
970,1999-3-8006,식품,Y,19870190051,씨제이제일제당㈜,인천광역시,중구,식품제조가공업,기타가공품,,2023
971,2017-2-9217,식품,Y,20130016170,한국알콜산업㈜,울산,남구,식품제조가공업,주정,"정제공정, 여과공정",2021
972,2002-6-8006,식품,Y,19930445049,비알코리아㈜,충북,음성,식품제조가공업,빙과류,"살균공정, 금속검출공정",2021
973,2017-4-9188,식품,Y,20130018179,풍국주정공업㈜,대구,달서구,식품제조가공업,주정,"증류공정, 여과공정",2021
974,2018-3-9089,식품,Y,19780190012,대한제당㈜,인천,중구,식품제조가공업,기타설탕,결정공정,2021
975,2018-3-9088,식품,Y,19780190012,대한제당㈜,인천,중구,식품제조가공업,설탕,결정공정,2021
976,2020-3-0684,식품,Y,20130017099,주식회사 화요,경기,여주,식품제조가공업,탁주,"3단담금공정, 여과공정, 세병공정",2021
977,2020-3-0685,식품,Y,20130017099,주식회사 화요,경기,여주,식품제조가공업,소주,"증류공정, 여과공정, 세병공정",2021
978,2014-2-8038,식품,Y,19940607340,농업회사법인㈜대광에프앤지,경남,김해,식품제조가공업,절임식품(식염절임),"금속검출공정, 원재료세척공정",2021
979,2014-2-8037,식품,Y,19940607340,농업회사법인㈜대광에프앤지,경남,김해,식품제조가공업,김칫속,"금속검출공정, 부재료세척공정",2021
980,2014-2-8036,식품,Y,19940607340,농업회사법인㈜대광에프앤지,경남,김해,식품제조가공업,김치(기타김치),"금속검출공정, 부재료세척공정, 원재료세척공정",2021
981,2014-2-8035,식품,Y,19940607340,농업회사법인㈜대광에프앤지,경남,김해,식품제조가공업,김치(배추김치),"금속검출공정, 부재료세척공정, 여과공정, 원재료세척공정",2021
982,2020-2-0370,식품,Y,20040144305,주식회사 에이앤제우스,부산,사하구,식품제조가공업,과자,"가열(유탕,코팅액)공정, 금속검출공정",2021
983,2018-3-9158,식품,Y,19750208003,㈜삼양사,인천,서구,식품제조가공업,곡류가공품,건조공정,2021
984,2018-3-9143,식품,Y,20040311058,동일에프엔지㈜,경기,안산,식품제조가공업,곡류가공품,건조공정,2021
985,2017-3-9555,식품,Y,19760263004,㈜동원FB 수원공장,경기,수원,식품제조가공업,커피,입고검사공정,2021
986,2020-4-0183,식품,Y,20190547556,커피킹덤 제1공장,경북,안동,식품제조가공업,커피,"가열(로스팅), 금속검출공정",2021
987,2014-4-8127,식품,Y,20120560072,우리농산,경북,경산,식품제조가공업,냉동식품(숙면),금속검출공정,2021
988,2014-4-8127,식품,Y,20120560072,우리농산,경북,경산,식품제조가공업,숙면,금속검출공정,2021
989,2014-4-8101,식품,Y,20120560072,우리농산,경북,경산,식품제조가공업,떡류,금속검출공정,2021
990,2019-3-9461,식품,Y,20120347120,동산떡집,경기,용인,식품제조가공업,떡류,금속검출공정,2021
991,2020-5-0538,식품,Y,20190491669,한국식품산업클러스터진흥원,전북,익산,식품제조가공업,인삼홍삼음료,교반/살균공정,2021
992,2021-1-0664,식품,Y,20200397004,㈜서울에프엔비 기업도시점,강원,원주,유가공업,가공유,,2021
993,2021-1-0664,식품,Y,20200397004,㈜서울에프엔비 기업도시점,강원,원주,유가공업,우유,,2021
994,2014-4-8127,식품,N,20120560072,우리농산,경북,경산,식품제조가공업,숙면,금속검출공정,2021
995,2020-1-0691,식품,Y,20200401439,㈜서울에프엔비 기업도시점,강원,원주,식품제조가공업,"당뇨환자용 영양조제식품, 일반 환자용 균형영양조제식품",,2021
996,2020-1-0527,식품,Y,20200401439,㈜서울에프엔비 기업도시점,강원,원주,식품제조가공업,커피,살균공정,2021
997,2020-1-0530,식품,Y,20200401439,㈜서울에프엔비 기업도시점,강원,원주,식품제조가공업,혼합음료,살균공정,2021
998,2020-1-0528,식품,Y,20200401439,㈜서울에프엔비 기업도시점,강원,원주,식품제조가공업,과채음료,살균공정,2021
999,2020-1-0529,식품,Y,20200401439,㈜서울에프엔비 기업도시점,강원,원주,식품제조가공업,가공두유,살균공정,2021
1000,2015-5-8233,식품,Y,19860506002,(주)아라움,전남,여수,식품제조가공업,식육함유가공품,금속검출공정,2020
1001,2015-5-8234,식품,Y,19860506002,(주)아라움,전남,여수,식품제조가공업,기타어육가공품,금속검출공정,2020
1002,2015-5-8232,식품,Y,19860506002,(주)아라움,전남,여수,식품제조가공업,기타수산물가공품,금속검출공정,2020
1003,2020-5-0296,식품,Y,19860506002,(주)아라움,전남,여수,식품제조가공업,기타가공품,금속검출공정,2020
1004,2012-2-8043,식품,Y,20050623056,화신영농조합법인,경남,함양,식품제조가공업,즉석조리식품,금속검출공정,2020
1005,2017-5-9285,식품,Y,20130518053,영농조합법인 엔자임팜,전남,고흥,식품제조가공업,기타잼류,금속검출공정,2020
1006,2017-5-9284,식품,Y,20130518053,영농조합법인 엔자임팜,전남,고흥,식품제조가공업,물엿,금속검출공정,2020
1007,2013-5-8221,식품,Y,19980518132,에덴식품 영농조합법인,전남,고흥,식품제조가공업,과채음료,여과공정,2020
1008,2015-5-8101,식품,Y,20130518061,농업회사법인㈜농부누리,전남,고흥,식품제조가공업,초콜릿가공품,금속검출공정,2020
1009,2014-1-8144,식품,Y,19730332008,㈜빙그레(남양주),경기,남양주,식품제조가공업,유산균음료,"살균공정, 여과공정",2020
1010,2019-3-9150,식품,Y,20110362633,㈜내추럴푸드텍,경기,김포,식품제조가공업,과자,"가열(퍼핑)공정, 금속검출공정",2020
1011,2015-3-8420,식품,Y,20080294209,㈜자인,경기,부천,식품제조가공업,과자,"건조(코팅제품)공정, 퍼핑공정, 금속검출공정",2020
1012,2018-1-9289,식품,Y,20140076439,㈜오페라베이커리,서울,강서구,식품제조가공업,과자,금속검출공정,2020
1013,2018-1-9288,식품,Y,20140076439,㈜오페라베이커리,서울,강서구,식품제조가공업,빵류,금속검출공정,2020
1014,2017-2-9165,식품,Y,20030247032,㈜한주,울산,남구,식품제조가공업,정제소금,건조공정,2020
1015,2018-2-9194,식품,Y,20180581354,㈜나눔푸드,경남,창원,식품제조가공업,조림류,금속검출공정,2020
1016,2018-2-9250,식품,Y,20180581354,㈜나눔푸드,경남,창원,식품제조가공업,당절임,금속검출공정,2020
1017,2018-2-9192,식품,Y,20180581354,㈜나눔푸드,경남,창원,식품제조가공업,양념젓갈,금속검출공정,2020
1018,2018-2-9193,식품,Y,20180581354,㈜나눔푸드,경남,창원,식품제조가공업,절임류,금속검출공정,2020
1019,2016-2-8050,식품,Y,20150617191,㈜씨엔에프(키원글로벌),경남,함안,식품제조가공업,양념젓갈,금속검출공정,2020
1020,2016-2-8020,식품,Y,20150617191,㈜씨엔에프(키원글로벌),경남,함안,식품제조가공업,절임식품,금속검출공정,2020
1021,2016-2-8021,식품,Y,20150617191,㈜씨엔에프(키원글로벌),경남,함안,식품제조가공업,조림류(농산물조림),금속검출공정,2020
1022,2019-6-9170,식품,Y,20110445292,㈜흥국에프앤비,충북,음성,식품제조가공업,기타농산가공품,초고압처리공정,2020
1023,2017-6-9494,식품,Y,20110445292,㈜흥국에프앤비,충북,음성,식품제조가공업,알함유가공품,초고압처리공정,2020
1024,2017-6-9493,식품,Y,20110445292,㈜흥국에프앤비,충북,음성,식품제조가공업,빵류,초고압처리공정,2020
1025,2017-6-9492,식품,Y,20110445292,㈜흥국에프앤비,충북,음성,식품제조가공업,기타가공품,초고압처리공정,2020
1026,2017-6-9497,식품,Y,20110445292,㈜흥국에프앤비,충북,음성,식품제조가공업,혼합음료,초고압처리공정,2020
1027,2017-6-9398,식품,Y,20110445292,㈜흥국에프앤비,충북,음성,식품제조가공업,액상차,초고압처리공정,2020
1028,2016-6-8361,식품,Y,20110445292,㈜흥국에프앤비,충북,음성,식품제조가공업,소스,초고압처리공정,2020
1029,2016-6-8360,식품,Y,20110445292,㈜흥국에프앤비,충북,음성,식품제조가공업,당류가공품,초고압처리공정,2020
1030,2014-6-8237,식품,Y,20110445292,㈜흥국에프앤비,충북,음성,식품제조가공업,커피,초고압처리공정,2020
1031,2012-6-8204,식품,Y,20110445292,㈜흥국에프앤비,충북,음성,식품제조가공업,비가열음료,초고압처리공정,2020
1032,2012-6-8175,식품,Y,20110445292,㈜흥국에프앤비,충북,음성,식품제조가공업,음료베이스,초고압처리공정,2020
1033,2014-6-8238,식품,Y,20110445292,㈜흥국에프앤비,충북,음성,식품제조가공업,기타잼,초고압처리공정,2020
1034,2012-6-8173,식품,Y,20110445292,㈜흥국에프앤비,충북,음성,식품제조가공업,과채주스,초고압처리공정,2020
1035,2012-6-8172,식품,Y,20110445292,㈜흥국에프앤비,충북,음성,식품제조가공업,과채음료,초고압처리공정,2020
1036,2012-6-8174,식품,Y,20110445292,㈜흥국에프앤비,충북,음성,식품제조가공업,과채가공품,초고압처리공정,2020
1037,2019-3-9176,식품,Y,20190363040,농업회사법인 마음이가(주),경기,용인,식품제조가공업,떡류,금속검출공정,2020
1038,2017-5-9314,식품,Y,20130019015,㈜창해에탄올,전북,전주,식품제조가공업,주정,"증류공정, 여과공정",2020
1039,2020-5-0840,식품,Y,20190494491,농업회사법인 태인명장 주식회사,전북,정읍,식품제조가공업,청국장,"가열(삶기)공정, 금속검출공정",2020
1040,2017-3-9111,식품,Y,20040306418,에스피엘주식회사,경기,평택,식품제조가공업,커피,"로스팅공정, X-ray 검출공정",2020
1041,2010-6-8011,식품,Y,20080242250,해태제과식품㈜ 대전공장,대전,대덕구,식품제조가공업,초콜릿가공품,"소성공정, 살균공정, 금속검출공정",2020
1042,2016-3-8430,식품,Y,20110311336,씨제이제일제당㈜,경기,안산,식품제조가공업,전분,"건조공정, 금속검출공정",2020
1043,2018-3-9159,식품,Y,20110311336,씨제이제일제당㈜,경기,안산,식품제조가공업,곡류가공품,건조공정,2020
1044,2013-2-8141,식품,Y,20110149185,농업회사법인 주식회사푸드업,부산,강서구,식품제조가공업,신선편의식품,"소독공정(파인애플제외), 금속검출공정",2020
1045,2005-6-8003,식품,Y,19790257001,남양유업주식회사 세종공장,세종,세종,식품제조가공업,성장기용조제식,"Infusin살균공정, HIPEX 살균공정, 자석통과공정, 공관세척공정, 권체/sealing공정",2020
1046,2017-6-9485,식품,Y,19790257001,남양유업주식회사 세종공장,세종,세종,식품제조가공업,영아용조제식,"Infusin살균공정, HIPEX 살균공정, 자석통과공정, 공관세척공정, 권체/sealing공정",2020
